Time, Voltage
0.0000,1.6457
0.0017,1.6507
0.0032,1.6457
0.0048,1.6457
0.0064,1.6507
0.0080,1.6507
0.0096,1.6457
0.0112,1.6507
0.0128,1.6457
0.0144,1.6507
0.0160,1.6457
0.0176,1.6507
0.0192,1.6507
0.0207,1.6457
0.0223,1.6507
0.0239,1.6507
0.0255,1.6457
0.0271,1.6507
0.0287,1.6558
0.0303,1.6457
0.0319,1.6558
0.0335,1.6457
0.0350,1.6457
0.0366,1.6457
0.0382,1.6507
0.0398,1.6507
0.0414,1.6507
0.0430,1.6457
0.0446,1.6507
0.0462,1.6507
0.0477,1.6507
0.0493,1.6558
0.0509,1.6507
0.0525,1.6507
0.0541,1.6457
0.0557,1.6507
0.0573,1.6507
0.0589,1.6457
0.0605,1.6507
0.0621,1.6558
0.0637,1.6507
0.0652,1.6457
0.0668,1.6507
0.0684,1.6558
0.0700,1.6507
0.0716,1.6507
0.0732,1.6406
0.0748,1.6406
0.0764,1.6457
0.0780,1.6507
0.0796,1.6507
0.0812,1.6507
0.0827,1.6507
0.0843,1.6507
0.0859,1.6507
0.0875,1.6507
0.0891,1.6507
0.0907,1.6507
0.0923,1.6457
0.0939,1.6457
0.0955,1.6457
0.0971,1.6507
0.0987,1.6457
0.1002,1.6507
0.1018,1.6507
0.1034,1.6507
0.1050,1.6457
0.1066,1.6457
0.1082,1.6507
0.1098,1.6406
0.1114,1.6457
0.1130,1.6507
0.1146,1.6507
0.1162,1.6507
0.1178,1.6507
0.1194,1.6507
0.1209,1.6558
0.1225,1.6507
0.1241,1.6507
0.1257,1.6507
0.1273,1.6507
0.1289,1.6558
0.1305,1.6457
0.1321,1.6507
0.1337,1.6457
0.1353,1.6507
0.1369,1.6507
0.1384,1.6507
0.1400,1.6507
0.1416,1.6507
0.1433,1.6457
0.1450,1.6507
0.1466,1.6507
0.1482,1.6457
0.1498,1.6507
0.1514,1.6507
0.1530,1.6507
0.1546,1.6507
0.1561,1.6507
0.1577,1.6507
0.1593,1.6558
0.1610,1.6507
0.1626,1.6507
0.1643,1.6507
0.1659,1.6507
0.1675,1.6406
0.1691,1.6457
0.1708,1.6507
0.1724,1.6507
0.1740,1.6457
0.1757,1.6507
0.1773,1.6457
0.1789,1.6507
0.1805,1.6507
0.1821,1.6507
0.1837,1.6457
0.1853,1.6507
0.1869,1.6457
0.1885,1.6507
0.1901,1.6507
0.1917,1.6507
0.1933,1.6507
0.1949,1.6507
0.1964,1.6457
0.1980,1.6507
0.1996,1.6406
0.2012,1.6457
0.2028,1.6457
0.2044,1.6457
0.2060,1.6457
0.2076,1.6507
0.2092,1.6507
0.2108,1.6457
0.2124,1.6507
0.2140,1.6507
0.2155,1.6507
0.2171,1.6457
0.2187,1.6507
0.2203,1.6507
0.2219,1.6507
0.2235,1.6457
0.2251,1.6507
0.2267,1.6507
0.2283,1.6558
0.2299,1.6507
0.2315,1.6507
0.2330,1.6507
0.2346,1.6507
0.2362,1.6507
0.2378,1.6507
0.2394,1.6457
0.2410,1.6507
0.2426,1.6507
0.2442,1.6507
0.2458,1.6507
0.2474,1.6558
0.2490,1.6457
0.2505,1.6457
0.2521,1.6457
0.2537,1.6507
0.2553,1.6507
0.2569,1.6507
0.2585,1.6457
0.2601,1.6507
0.2617,1.6457
0.2633,1.6507
0.2649,1.6507
0.2665,1.6507
0.2680,1.6507
0.2696,1.6507
0.2712,1.6507
0.2728,1.6507
0.2744,1.6507
0.2760,1.6507
0.2776,1.6507
0.2792,1.6457
0.2808,1.6457
0.2824,1.6507
0.2840,1.6457
0.2855,1.6507
0.2871,1.6507
0.2887,1.6457
0.2903,1.6507
0.2919,1.6507
0.2935,1.6457
0.2951,1.6507
0.2967,1.6558
0.2983,1.6507
0.2999,1.6507
0.3016,1.6507
0.3032,1.6507
0.3052,1.6507
0.3069,1.6457
0.3085,1.6457
0.3101,1.6457
0.3117,1.6457
0.3133,1.6457
0.3149,1.6457
0.3165,1.6507
0.3181,1.6406
0.3196,1.6507
0.3212,1.6457
0.3228,1.6507
0.3244,1.6406
0.3260,1.6507
0.3276,1.6406
0.3292,1.6507
0.3309,1.6457
0.3325,1.6507
0.3341,1.6507
0.3357,1.6507
0.3373,1.6507
0.3389,1.6507
0.3405,1.6507
0.3421,1.6507
0.3437,1.6457
0.3452,1.6457
0.3468,1.6507
0.3484,1.6507
0.3500,1.6457
0.3516,1.6507
0.3532,1.6507
0.3548,1.6507
0.3564,1.6507
0.3580,1.6457
0.3596,1.6507
0.3612,1.6457
0.3627,1.6457
0.3643,1.6507
0.3659,1.6457
0.3675,1.6507
0.3691,1.6507
0.3707,1.6507
0.3723,1.6457
0.3739,1.6507
0.3755,1.6507
0.3771,1.6507
0.3787,1.6457
0.3802,1.6507
0.3818,1.6507
0.3834,1.6457
0.3850,1.6507
0.3866,1.6507
0.3882,1.6507
0.3898,1.6507
0.3914,1.6507
0.3930,1.6507
0.3946,1.6507
0.3962,1.6457
0.3977,1.6507
0.3993,1.6507
0.4009,1.6507
0.4025,1.6507
0.4041,1.6507
0.4057,1.6507
0.4073,1.6457
0.4089,1.6558
0.4105,1.6507
0.4121,1.6507
0.4137,1.6507
0.4152,1.6558
0.4168,1.6507
0.4184,1.6507
0.4200,1.6507
0.4216,1.6507
0.4232,1.6507
0.4248,1.6507
0.4264,1.6457
0.4280,1.6507
0.4296,1.6507
0.4312,1.6507
0.4328,1.6507
0.4344,1.6457
0.4359,1.6507
0.4375,1.6507
0.4391,1.6558
0.4407,1.6406
0.4423,1.6457
0.4439,1.6457
0.4455,1.6457
0.4471,1.6507
0.4487,1.6507
0.4503,1.6457
0.4519,1.6457
0.4534,1.6507
0.4550,1.6558
0.4566,1.6457
0.4582,1.6507
0.4598,1.6507
0.4614,1.6507
0.4630,1.6507
0.4646,1.6507
0.4662,1.6507
0.4678,1.6507
0.4694,1.6558
0.4709,1.6507
0.4725,1.6507
0.4741,1.6558
0.4757,1.6507
0.4773,1.6507
0.4789,1.6507
0.4805,1.6507
0.4821,1.6507
0.4837,1.6558
0.4853,1.6507
0.4868,1.6507
0.4884,1.6507
0.4900,1.6457
0.4916,1.6457
0.4932,1.6507
0.4948,1.6457
0.4964,1.6457
0.4980,1.6457
0.4996,1.6507
0.5012,1.6457
0.5028,1.6507
0.5044,1.6457
0.5060,1.6507
0.5075,1.6507
0.5091,1.6457
0.5107,1.6507
0.5123,1.6457
0.5139,1.6507
0.5155,1.6457
0.5171,1.6457
0.5187,1.6507
0.5203,1.6507
0.5219,1.6507
0.5235,1.6507
0.5251,1.6457
0.5267,1.6507
0.5282,1.6457
0.5298,1.6507
0.5314,1.6507
0.5330,1.6507
0.5346,1.6507
0.5362,1.6507
0.5379,1.6507
0.5395,1.6507
0.5412,1.6457
0.5428,1.6507
0.5444,1.6507
0.5461,1.6507
0.5477,1.6507
0.5493,1.6507
0.5509,1.6507
0.5525,1.6507
0.5541,1.6507
0.5557,1.6507
0.5573,1.6507
0.5590,1.6507
0.5606,1.6507
0.5622,1.6507
0.5639,1.6507
0.5655,1.6507
0.5671,1.6457
0.5687,1.6507
0.5703,1.6507
0.5719,1.6507
0.5736,1.6507
0.5752,1.6507
0.5768,1.6507
0.5784,1.6507
0.5800,1.6507
0.5817,1.6507
0.5833,1.6457
0.5849,1.6457
0.5865,1.6507
0.5881,1.6507
0.5898,1.6507
0.5914,1.6507
0.5930,1.6558
0.5946,1.6507
0.5962,1.6507
0.5979,1.6507
0.5995,1.6507
0.6011,1.6457
0.6027,1.6457
0.6043,1.6507
0.6059,1.6457
0.6076,1.6507
0.6092,1.6507
0.6108,1.6457
0.6124,1.6507
0.6140,1.6507
0.6156,1.6507
0.6173,1.6507
0.6189,1.6507
0.6205,1.6507
0.6221,1.6507
0.6238,1.6507
0.6254,1.6507
0.6270,1.6507
0.6286,1.6457
0.6302,1.6406
0.6318,1.6507
0.6335,1.6507
0.6351,1.6507
0.6367,1.6507
0.6383,1.6457
0.6399,1.6457
0.6416,1.6507
0.6432,1.6457
0.6448,1.6457
0.6464,1.6507
0.6480,1.6457
0.6497,1.6507
0.6513,1.6507
0.6529,1.6457
0.6545,1.6507
0.6561,1.6507
0.6579,1.6507
0.6596,1.6507
0.6613,1.6558
0.6630,1.6507
0.6647,1.6507
0.6663,1.6457
0.6679,1.6507
0.6695,1.6507
0.6712,1.6507
0.6729,1.6558
0.6746,1.6457
0.6763,1.6507
0.6780,1.6507
0.6796,1.6507
0.6813,1.6507
0.6829,1.6507
0.6845,1.6507
0.6861,1.6507
0.6877,1.6507
0.6893,1.6507
0.6909,1.6457
0.6925,1.6507
0.6942,1.6507
0.6958,1.6457
0.6974,1.6507
0.6990,1.6507
0.7006,1.6507
0.7022,1.6507
0.7038,1.6507
0.7055,1.6507
0.7071,1.6457
0.7087,1.6457
0.7103,1.6507
0.7119,1.6558
0.7135,1.6457
0.7151,1.6507
0.7167,1.6507
0.7183,1.6507
0.7199,1.6507
0.7215,1.6406
0.7231,1.6457
0.7248,1.6507
0.7264,1.6457
0.7280,1.6507
0.7296,1.6558
0.7312,1.6507
0.7328,1.6507
0.7344,1.6507
0.7360,1.6507
0.7377,1.6457
0.7393,1.6457
0.7409,1.6507
0.7426,1.6507
0.7443,1.6457
0.7460,1.6457
0.7477,1.6457
0.7493,1.6507
0.7509,1.6507
0.7525,1.6507
0.7541,1.6507
0.7557,1.6507
0.7573,1.6507
0.7589,1.6457
0.7605,1.6507
0.7622,1.6507
0.7638,1.6507
0.7654,1.6507
0.7670,1.6457
0.7686,1.6457
0.7702,1.6507
0.7719,1.6507
0.7735,1.6558
0.7751,1.6558
0.7767,1.6507
0.7784,1.6507
0.7800,1.6507
0.7816,1.6457
0.7832,1.6457
0.7849,1.6507
0.7865,1.6507
0.7881,1.6507
0.7897,1.6507
0.7913,1.6457
0.7930,1.6457
0.7946,1.6507
0.7962,1.6406
0.7978,1.6507
0.7994,1.6507
0.8011,1.6507
0.8027,1.6507
0.8043,1.6457
0.8059,1.6457
0.8075,1.6457
0.8091,1.6457
0.8108,1.6457
0.8124,1.6457
0.8140,1.6457
0.8156,1.6406
0.8173,1.6507
0.8189,1.6406
0.8205,1.6457
0.8221,1.6507
0.8237,1.6507
0.8253,1.6457
0.8269,1.6507
0.8286,1.6507
0.8302,1.6457
0.8318,1.6507
0.8334,1.6457
0.8350,1.6507
0.8366,1.6507
0.8382,1.6507
0.8398,1.6507
0.8415,1.6457
0.8431,1.6507
0.8447,1.6558
0.8464,1.6457
0.8480,1.6507
0.8496,1.6507
0.8512,1.6507
0.8528,1.6457
0.8545,1.6507
0.8561,1.6507
0.8577,1.6507
0.8593,1.6406
0.8609,1.6507
0.8625,1.6507
0.8642,1.6507
0.8658,1.6507
0.8674,1.6406
0.8690,1.6457
0.8706,1.6507
0.8722,1.6507
0.8738,1.6507
0.8754,1.6457
0.8771,1.6457
0.8787,1.6457
0.8803,1.6507
0.8819,1.6507
0.8835,1.6507
0.8851,1.6457
0.8868,1.6507
0.8884,1.6457
0.8900,1.6457
0.8916,1.6507
0.8932,1.6507
0.8949,1.6507
0.8965,1.6507
0.8982,1.6457
0.8998,1.6457
0.9015,1.6507
0.9031,1.6507
0.9047,1.6507
0.9063,1.6507
0.9079,1.6457
0.9095,1.6457
0.9111,1.6507
0.9127,1.6507
0.9144,1.6507
0.9160,1.6507
0.9176,1.6507
0.9192,1.6457
0.9208,1.6507
0.9225,1.6507
0.9241,1.6507
0.9316,1.6507
0.9333,1.6507
0.9349,1.6507
0.9365,1.6507
0.9382,1.6507
0.9398,1.6457
0.9414,1.6507
0.9430,1.6507
0.9446,1.6507
0.9462,1.6507
0.9479,1.6507
0.9495,1.6457
0.9511,1.6507
0.9527,1.6457
0.9543,1.6507
0.9559,1.6507
0.9575,1.6406
0.9592,1.6507
0.9608,1.6457
0.9624,1.6507
0.9640,1.6457
0.9657,1.6507
0.9673,1.6507
0.9689,1.6507
0.9705,1.6507
0.9721,1.6507
0.9737,1.6507
0.9753,1.6457
0.9770,1.6457
0.9786,1.6507
0.9802,1.6558
0.9818,1.6457
0.9834,1.6457
0.9850,1.6507
0.9867,1.6457
0.9883,1.6507
0.9899,1.6507
0.9915,1.6507
0.9931,1.6406
0.9947,1.6457
0.9963,1.6507
0.9980,1.6507
0.9996,1.6507
1.0012,1.6507
1.0028,1.6457
1.0044,1.6507
1.0060,1.6507
1.0076,1.6507
1.0093,1.6507
1.0109,1.6507
1.0125,1.6457
1.0141,1.6507
1.0157,1.6507
1.0173,1.6507
1.0190,1.6507
1.0206,1.6507
1.0222,1.6507
1.0238,1.6457
1.0254,1.6507
1.0270,1.6507
1.0286,1.6457
1.0303,1.6507
1.0319,1.6507
1.0335,1.6558
1.0351,1.6507
1.0367,1.6507
1.0383,1.6507
1.0399,1.6507
1.0416,1.6507
1.0432,1.6507
1.0448,1.6507
1.0464,1.6507
1.0480,1.6507
1.0496,1.6457
1.0513,1.6507
1.0529,1.6507
1.0545,1.6457
1.0561,1.6558
1.0577,1.6457
1.0593,1.6406
1.0611,1.6457
1.0627,1.6507
1.0643,1.6457
1.0659,1.6507
1.0675,1.6457
1.0691,1.6457
1.0707,1.6507
1.0724,1.6507
1.0740,1.6457
1.0756,1.6457
1.0772,1.6558
1.0788,1.6507
1.0804,1.6507
1.0820,1.6507
1.0836,1.6507
1.0852,1.6507
1.0868,1.6507
1.0884,1.6507
1.0901,1.6457
1.0917,1.6507
1.0933,1.6507
1.0949,1.6457
1.0965,1.6507
1.0981,1.6507
1.0997,1.6507
1.1014,1.6507
1.1030,1.6457
1.1046,1.6507
1.1062,1.6457
1.1078,1.6507
1.1094,1.6507
1.1110,1.6457
1.1126,1.6507
1.1142,1.6457
1.1159,1.6457
1.1206,1.6558
1.1222,1.6457
1.1238,1.6507
1.1254,1.6457
1.1270,1.6507
1.1287,1.6558
1.1303,1.6507
1.1319,1.6507
1.1335,1.6507
1.1351,1.6507
1.1367,1.6507
1.1383,1.6406
1.1399,1.6507
1.1415,1.6507
1.1432,1.6507
1.1449,1.6507
1.1465,1.6507
1.1482,1.6457
1.1499,1.6507
1.1516,1.6507
1.1532,1.6507
1.1548,1.6507
1.1565,1.6558
1.1582,1.6558
1.1599,1.6507
1.1617,1.6507
1.1634,1.6406
1.1651,1.6507
1.1667,1.6507
1.1684,1.6507
1.1700,1.6558
1.1718,1.6457
1.1735,1.6507
1.1753,1.6457
1.1769,1.6507
1.1819,1.6507
1.1836,1.6457
1.1853,1.6457
1.1869,1.6507
1.1885,1.6457
1.1901,1.6507
1.1917,1.6507
1.1934,1.6507
1.1950,1.6457
1.1967,1.6507
1.1983,1.6507
1.2000,1.6507
1.2016,1.6507
1.2032,1.6507
1.2048,1.6406
1.2065,1.6507
1.2081,1.6507
1.2097,1.6507
1.2113,1.6457
1.2129,1.6507
1.2145,1.6507
1.2161,1.6507
1.2178,1.6507
1.2194,1.6507
1.2210,1.6507
1.2226,1.6507
1.2242,1.6507
1.2258,1.6457
1.2275,1.6507
1.2291,1.6457
1.2307,1.6457
1.2323,1.6558
1.2339,1.6507
1.2355,1.6558
1.2371,1.6457
1.2387,1.6507
1.2404,1.6558
1.2420,1.6507
1.2436,1.6507
1.2452,1.6457
1.2468,1.6507
1.2484,1.6507
1.2500,1.6507
1.2516,1.6507
1.2533,1.6457
1.2549,1.6507
1.2565,1.6507
1.2581,1.6507
1.2597,1.6457
1.2613,1.6507
1.2631,1.6457
1.2647,1.6507
1.2663,1.6457
1.2679,1.6507
1.2694,1.6457
1.2710,1.6507
1.2726,1.6457
1.2742,1.6457
1.2758,1.6507
1.2774,1.6507
1.2790,1.6507
1.2806,1.6507
1.2822,1.6558
1.2838,1.6507
1.2853,1.6507
1.2869,1.6457
1.2885,1.6507
1.2901,1.6507
1.2917,1.6507
1.2933,1.6507
1.2949,1.6558
1.2965,1.6507
1.2981,1.6507
1.2997,1.6507
1.3013,1.6457
1.3029,1.6507
1.3045,1.6507
1.3061,1.6558
1.3077,1.6457
1.3093,1.6457
1.3109,1.6507
1.3125,1.6507
1.3140,1.6558
1.3156,1.6457
1.3172,1.6507
1.3188,1.6457
1.3204,1.6507
1.3220,1.6507
1.3236,1.6507
1.3252,1.6457
1.3268,1.6507
1.3284,1.6507
1.3299,1.6406
1.3315,1.6457
1.3331,1.6457
1.3347,1.6457
1.3363,1.6507
1.3379,1.6507
1.3395,1.6457
1.3411,1.6507
1.3427,1.6507
1.3444,1.6457
1.3461,1.6507
1.3477,1.6507
1.3493,1.6507
1.3509,1.6507
1.3525,1.6457
1.3541,1.6507
1.3557,1.6507
1.3572,1.6457
1.3588,1.6507
1.3604,1.6507
1.3620,1.6457
1.3636,1.6507
1.3652,1.6457
1.3668,1.6457
1.3684,1.6558
1.3700,1.6507
1.3716,1.6507
1.3732,1.6507
1.3748,1.6507
1.3764,1.6507
1.3780,1.6457
1.3796,1.6457
1.3812,1.6507
1.3828,1.6507
1.3844,1.6507
1.3860,1.6457
1.3875,1.6507
1.3891,1.6507
1.3907,1.6457
1.3923,1.6507
1.3939,1.6507
1.3955,1.6507
1.3971,1.6507
1.3987,1.6457
1.4003,1.6507
1.4019,1.6507
1.4035,1.6457
1.4051,1.6507
1.4066,1.6507
1.4082,1.6507
1.4098,1.6558
1.4114,1.6507
1.4130,1.6507
1.4146,1.6457
1.4162,1.6507
1.4178,1.6507
1.4194,1.6507
1.4210,1.6507
1.4226,1.6457
1.4242,1.6507
1.4258,1.6507
1.4273,1.6457
1.4289,1.6507
1.4305,1.6507
1.4321,1.6507
1.4337,1.6507
1.4353,1.6507
1.4369,1.6507
1.4385,1.6507
1.4400,1.6457
1.4416,1.6507
1.4432,1.6507
1.4448,1.6457
1.4464,1.6507
1.4480,1.6507
1.4496,1.6558
1.4511,1.6507
1.4527,1.6507
1.4543,1.6507
1.4559,1.6507
1.4575,1.6507
1.4591,1.6507
1.4607,1.6507
1.4623,1.6507
1.4638,1.6507
1.4654,1.6558
1.4670,1.6507
1.4686,1.6457
1.4702,1.6507
1.4718,1.6507
1.4734,1.6507
1.4750,1.6507
1.4766,1.6507
1.4782,1.6457
1.4798,1.6507
1.4813,1.6457
1.4829,1.6457
1.4845,1.6507
1.4861,1.6507
1.4877,1.6507
1.4893,1.6406
1.4909,1.6507
1.4925,1.6457
1.4941,1.6507
1.4957,1.6507
1.4972,1.6507
1.4988,1.6507
1.5004,1.6457
1.5020,1.6457
1.5036,1.6507
1.5052,1.6457
1.5068,1.6507
1.5084,1.6507
1.5100,1.6507
1.5116,1.6457
1.5132,1.6507
1.5147,1.6457
1.5163,1.6507
1.5179,1.6507
1.5195,1.6507
1.5211,1.6457
1.5227,1.6457
1.5243,1.6457
1.5259,1.6457
1.5275,1.6507
1.5291,1.6558
1.5306,1.6507
1.5322,1.6507
1.5338,1.6507
1.5354,1.6457
1.5370,1.6457
1.5386,1.6507
1.5402,1.6507
1.5418,1.6507
1.5434,1.6507
1.5450,1.6507
1.5465,1.6507
1.5481,1.6457
1.5497,1.6507
1.5513,1.6507
1.5529,1.6507
1.5545,1.6507
1.5561,1.6507
1.5577,1.6457
1.5593,1.6507
1.5609,1.6507
1.5624,1.6507
1.5640,1.6457
1.5656,1.6507
1.5672,1.6507
1.5688,1.6507
1.5704,1.6507
1.5720,1.6507
1.5736,1.6457
1.5752,1.6507
1.5768,1.6507
1.5784,1.6507
1.5799,1.6507
1.5815,1.6507
1.5831,1.6457
1.5847,1.6507
1.5863,1.6507
1.5879,1.6507
1.5895,1.6507
1.5911,1.6507
1.5927,1.6507
1.5943,1.6507
1.5958,1.6507
1.5974,1.6457
1.5990,1.6507
1.6006,1.6507
1.6022,1.6507
1.6038,1.6457
1.6054,1.6406
1.6070,1.6507
1.6086,1.6457
1.6102,1.6507
1.6118,1.6507
1.6133,1.6507
1.6149,1.6507
1.6165,1.6507
1.6184,1.6507
1.6199,1.6457
1.6215,1.6558
1.6231,1.6507
1.6247,1.6507
1.6263,1.6457
1.6279,1.6507
1.6295,1.6507
1.6311,1.6507
1.6326,1.6507
1.6342,1.6507
1.6358,1.6406
1.6374,1.6507
1.6390,1.6507
1.6406,1.6457
1.6422,1.6507
1.6438,1.6457
1.6453,1.6507
1.6469,1.6507
1.6485,1.6406
1.6501,1.6507
1.6517,1.6507
1.6533,1.6507
1.6549,1.6507
1.6565,1.6507
1.6582,1.6457
1.6599,1.6457
1.6616,1.6507
1.6632,1.6507
1.6648,1.6507
1.6664,1.6507
1.6681,1.6507
1.6698,1.6507
1.6714,1.6507
1.6731,1.6507
1.6747,1.6457
1.6762,1.6406
1.6779,1.6507
1.6795,1.6507
1.6811,1.6507
1.6827,1.6558
1.6843,1.6507
1.6858,1.6457
1.6874,1.6406
1.6890,1.6457
1.6906,1.6507
1.6922,1.6507
1.6938,1.6406
1.6954,1.6507
1.6970,1.6457
1.6986,1.6457
1.7002,1.6507
1.7018,1.6507
1.7034,1.6457
1.7050,1.6507
1.7066,1.6507
1.7082,1.6457
1.7097,1.6457
1.7113,1.6507
1.7129,1.6507
1.7145,1.6507
1.7161,1.6507
1.7177,1.6507
1.7193,1.6507
1.7209,1.6558
1.7225,1.6406
1.7241,1.6507
1.7257,1.6507
1.7272,1.6457
1.7288,1.6507
1.7304,1.6457
1.7320,1.6507
1.7336,1.6507
1.7352,1.6558
1.7368,1.6457
1.7384,1.6507
1.7400,1.6507
1.7416,1.6507
1.7432,1.6507
1.7447,1.6507
1.7463,1.6457
1.7479,1.6507
1.7495,1.6457
1.7511,1.6507
1.7527,1.6507
1.7543,1.6507
1.7559,1.6507
1.7575,1.6558
1.7591,1.6507
1.7607,1.6406
1.7623,1.6507
1.7638,1.6507
1.7654,1.6507
1.7670,1.6507
1.7686,1.6457
1.7702,1.6507
1.7718,1.6507
1.7734,1.6457
1.7750,1.6457
1.7766,1.6457
1.7782,1.6507
1.7798,1.6457
1.7813,1.6457
1.7829,1.6507
1.7845,1.6507
1.7861,1.6507
1.7877,1.6558
1.7893,1.6507
1.7909,1.6457
1.7925,1.6507
1.7941,1.6457
1.7957,1.6457
1.7973,1.6457
1.7989,1.6507
1.8004,1.6457
1.8020,1.6457
1.8036,1.6507
1.8052,1.6507
1.8068,1.6457
1.8084,1.6457
1.8100,1.6457
1.8116,1.6457
1.8132,1.6507
1.8148,1.6457
1.8164,1.6457
1.8180,1.6457
1.8196,1.6507
1.8212,1.6558
1.8228,1.6507
1.8244,1.6457
1.8260,1.6507
1.8276,1.6558
1.8292,1.6507
1.8308,1.6507
1.8323,1.6507
1.8339,1.6507
1.8355,1.6507
1.8371,1.6457
1.8387,1.6457
1.8403,1.6507
1.8419,1.6507
1.8435,1.6457
1.8451,1.6457
1.8467,1.6507
1.8483,1.6457
1.8499,1.6457
1.8514,1.6507
1.8530,1.6507
1.8546,1.6507
1.8562,1.6507
1.8578,1.6457
1.8594,1.6507
1.8610,1.6406
1.8626,1.6457
1.8642,1.6507
1.8658,1.6507
1.8674,1.6507
1.8689,1.6457
1.8705,1.6507
1.8721,1.6406
1.8737,1.6457
1.8753,1.6457
1.8769,1.6457
1.8785,1.6507
1.8801,1.6507
1.8817,1.6507
1.8833,1.6457
1.8849,1.6507
1.8865,1.6507
1.8881,1.6507
1.8897,1.6406
1.8913,1.6406
1.8928,1.6507
1.8944,1.6507
1.8960,1.6457
1.8976,1.6507
1.8992,1.6457
1.9008,1.6457
1.9024,1.6507
1.9040,1.6507
1.9056,1.6457
1.9072,1.6507
1.9088,1.6457
1.9104,1.6507
1.9120,1.6507
1.9135,1.6507
1.9151,1.6507
1.9167,1.6507
1.9183,1.6507
1.9199,1.6457
1.9215,1.6507
1.9231,1.6507
1.9247,1.6457
1.9263,1.6507
1.9279,1.6507
1.9295,1.6558
1.9310,1.6507
1.9326,1.6507
1.9342,1.6507
1.9358,1.6507
1.9374,1.6507
1.9390,1.6507
1.9406,1.6507
1.9422,1.6457
1.9440,1.6507
1.9456,1.6507
1.9473,1.6507
1.9489,1.6406
1.9504,1.6507
1.9520,1.6507
1.9536,1.6558
1.9552,1.6507
1.9568,1.6507
1.9584,1.6507
1.9600,1.6507
1.9616,1.6507
1.9632,1.6507
1.9648,1.6507
1.9664,1.6457
1.9681,1.6507
1.9697,1.6507
1.9714,1.6507
1.9730,1.6507
1.9746,1.6507
1.9762,1.6507
1.9779,1.6507
1.9795,1.6457
1.9812,1.6457
1.9828,1.6507
1.9844,1.6507
1.9860,1.6507
1.9877,1.6507
1.9893,1.6457
1.9909,1.6507
1.9926,1.6507
1.9942,1.6507
1.9958,1.6507
1.9974,1.6507
1.9991,1.6457
2.0007,1.6457
2.0023,1.6507
2.0040,1.6507
2.0056,1.6507
2.0072,1.6457
2.0088,1.6457
2.0105,1.6457
2.0121,1.6507
2.0137,1.6507
2.0154,1.6507
2.0170,1.6457
2.0187,1.6507
2.0203,1.6507
2.0220,1.6507
2.0237,1.6507
2.0253,1.6507
2.0269,1.6507
2.0286,1.6507
2.0302,1.6507
2.0318,1.6507
2.0334,1.6507
2.0351,1.6507
2.0367,1.6457
2.0383,1.6507
2.0400,1.6406
2.0416,1.6558
2.0432,1.6507
2.0448,1.6457
2.0465,1.6507
2.0481,1.6558
2.0497,1.6457
2.0514,1.6507
2.0530,1.6507
2.0546,1.6507
2.0562,1.6507
2.0579,1.6457
2.0595,1.6507
2.0611,1.6507
2.0628,1.6507
2.0644,1.6457
2.0660,1.6507
2.0676,1.6507
2.0694,1.6507
2.0710,1.6507
2.0727,1.6507
2.0743,1.6457
2.0760,1.6507
2.0776,1.6457
2.0793,1.6507
2.0809,1.6507
2.0826,1.6406
2.0842,1.6507
2.0858,1.6457
2.0875,1.6457
2.0891,1.6457
2.0907,1.6507
2.0924,1.6457
2.0940,1.6507
2.0957,1.6507
2.0973,1.6507
2.0989,1.6457
2.1006,1.6507
2.1022,1.6507
2.1039,1.6457
2.1055,1.6507
2.1071,1.6457
2.1088,1.6507
2.1104,1.6507
2.1120,1.6507
2.1137,1.6457
2.1153,1.6457
2.1170,1.6507
2.1186,1.6457
2.1202,1.6457
2.1219,1.6507
2.1235,1.6507
2.1252,1.6558
2.1268,1.6507
2.1284,1.6558
2.1301,1.6507
2.1317,1.6457
2.1334,1.6558
2.1350,1.6507
2.1366,1.6507
2.1383,1.6507
2.1399,1.6507
2.1416,1.6507
2.1432,1.6507
2.1448,1.6507
2.1465,1.6457
2.1481,1.6507
2.1497,1.6507
2.1514,1.6507
2.1530,1.6457
2.1547,1.6457
2.1563,1.6507
2.1580,1.6507
2.1597,1.6507
2.1619,1.6457
2.1636,1.6507
2.1653,1.6507
2.1670,1.6457
2.1686,1.6507
2.1703,1.6507
2.1719,1.6507
2.1736,1.6507
2.1753,1.6507
2.1772,1.6507
2.1793,1.6558
2.1810,1.6558
2.1827,1.6457
2.1843,1.6457
2.1860,1.6507
2.1876,1.6507
2.1892,1.6457
2.1909,1.6457
2.1925,1.6507
2.1942,1.6507
2.1959,1.6507
2.1975,1.6507
2.1991,1.6457
2.2008,1.6507
2.2025,1.6507
2.2041,1.6507
2.2057,1.6507
2.2074,1.6558
2.2090,1.6507
2.2106,1.6507
2.2123,1.6507
2.2139,1.6507
2.2156,1.6507
2.2172,1.6457
2.2189,1.6457
2.2205,1.6507
2.2221,1.6507
2.2238,1.6507
2.2254,1.6457
2.2270,1.6507
2.2287,1.6507
2.2303,1.6507
2.2319,1.6507
2.2336,1.6457
2.2352,1.6457
2.2368,1.6507
2.2385,1.6507
2.2401,1.6507
2.2417,1.6457
2.2434,1.6507
2.2450,1.6507
2.2466,1.6457
2.2483,1.6507
2.2499,1.6507
2.2515,1.6457
2.2531,1.6507
2.2548,1.6457
2.2564,1.6507
2.2581,1.6507
2.2597,1.6507
2.2613,1.6457
2.2630,1.6507
2.2646,1.6507
2.2663,1.6507
2.2679,1.6457
2.2696,1.6507
2.2713,1.6507
2.2729,1.6457
2.2745,1.6457
2.2762,1.6406
2.2778,1.6457
2.2794,1.6507
2.2810,1.6457
2.2827,1.6507
2.2843,1.6507
2.2859,1.6507
2.2875,1.6457
2.2892,1.6507
2.2908,1.6558
2.2925,1.6457
2.2941,1.6507
2.2957,1.6457
2.2973,1.6457
2.2989,1.6507
2.3006,1.6457
2.3022,1.6507
2.3038,1.6507
2.3054,1.6507
2.3071,1.6507
2.3087,1.6507
2.3103,1.6507
2.3119,1.6457
2.3136,1.6507
2.3152,1.6507
2.3168,1.6457
2.3185,1.6507
2.3201,1.6507
2.3217,1.6558
2.3233,1.6406
2.3250,1.6507
2.3266,1.6507
2.3282,1.6507
2.3298,1.6507
2.3315,1.6457
2.3331,1.6507
2.3347,1.6457
2.3363,1.6507
2.3380,1.6507
2.3396,1.6457
2.3412,1.6507
2.3428,1.6406
2.3445,1.6507
2.3461,1.6507
2.3477,1.6507
2.3494,1.6457
2.3510,1.6507
2.3526,1.6507
2.3542,1.6507
2.3559,1.6507
2.3575,1.6507
2.3591,1.6507
2.3607,1.6457
2.3624,1.6457
2.3640,1.6507
2.3656,1.6507
2.3672,1.6507
2.3689,1.6457
2.3706,1.6507
2.3722,1.6457
2.3738,1.6457
2.3755,1.6507
2.3771,1.6507
2.3788,1.6507
2.3804,1.6507
2.3820,1.6507
2.3837,1.6558
2.3853,1.6507
2.3869,1.6457
2.3886,1.6507
2.3902,1.6558
2.3918,1.6507
2.3935,1.6457
2.3951,1.6457
2.3968,1.6507
2.3984,1.6457
2.4000,1.6507
2.4017,1.6507
2.4033,1.6507
2.4049,1.6507
2.4066,1.6457
2.4082,1.6457
2.4098,1.6507
2.4115,1.6507
2.4131,1.6507
2.4148,1.6507
2.4164,1.6457
2.4180,1.6457
2.4198,1.6507
2.4214,1.6507
2.4231,1.6507
2.4247,1.6457
2.4263,1.6507
2.4279,1.6507
2.4296,1.6507
2.4312,1.6507
2.4328,1.6457
2.4345,1.6558
2.4361,1.6507
2.4377,1.6507
2.4394,1.6507
2.4410,1.6457
2.4426,1.6457
2.4442,1.6507
2.4459,1.6457
2.4475,1.6507
2.4491,1.6507
2.4508,1.6507
2.4524,1.6457
2.4540,1.6507
2.4557,1.6507
2.4573,1.6507
2.4589,1.6507
2.4606,1.6507
2.4622,1.6457
2.4639,1.6457
2.4655,1.6507
2.4671,1.6507
2.4688,1.6507
2.4704,1.6507
2.4721,1.6507
2.4737,1.6457
2.4754,1.6457
2.4770,1.6507
2.4786,1.6507
2.4803,1.6507
2.4819,1.6507
2.4835,1.6507
2.4852,1.6507
2.4868,1.6507
2.4884,1.6507
2.4901,1.6507
2.4917,1.6457
2.4934,1.6507
2.4950,1.6507
2.4967,1.6457
2.4983,1.6507
2.4999,1.6507
2.5016,1.6507
2.5032,1.6507
2.5048,1.6457
2.5065,1.6507
2.5081,1.6507
2.5097,1.6507
2.5114,1.6507
2.5130,1.6507
2.5147,1.6507
2.5163,1.6457
2.5179,1.6507
2.5196,1.6507
2.5212,1.6457
2.5228,1.6507
2.5245,1.6507
2.5261,1.6507
2.5277,1.6507
2.5294,1.6507
2.5310,1.6507
2.5327,1.6507
2.5343,1.6507
2.5359,1.6507
2.5376,1.6457
2.5392,1.6507
2.5408,1.6507
2.5425,1.6457
2.5442,1.6507
2.5460,1.6507
2.5477,1.6457
2.5494,1.6507
2.5510,1.6507
2.5527,1.6507
2.5543,1.6457
2.5559,1.6507
2.5576,1.6507
2.5592,1.6507
2.5608,1.6457
2.5626,1.6457
2.5643,1.6507
2.5659,1.6457
2.5676,1.6457
2.5692,1.6507
2.5708,1.6507
2.5725,1.6507
2.5741,1.6507
2.5758,1.6507
2.5774,1.6457
2.5791,1.6507
2.5808,1.6507
2.5824,1.6507
2.5840,1.6457
2.5857,1.6406
2.5873,1.6507
2.5889,1.6457
2.5906,1.6507
2.5922,1.6457
2.5940,1.6406
2.5956,1.6406
2.5972,1.6507
2.5989,1.6457
2.6005,1.6457
2.6022,1.6457
2.6038,1.6558
2.6054,1.6457
2.6071,1.6507
2.6087,1.6507
2.6104,1.6457
2.6120,1.6457
2.6136,1.6507
2.6153,1.6507
2.6169,1.6457
2.6186,1.6507
2.6202,1.6558
2.6218,1.6507
2.6235,1.6406
2.6251,1.6507
2.6268,1.6507
2.6284,1.6507
2.6300,1.6457
2.6317,1.6507
2.6333,1.6507
2.6350,1.6457
2.6366,1.6507
2.6382,1.6507
2.6399,1.6457
2.6415,1.6457
2.6432,1.6507
2.6448,1.6507
2.6464,1.6507
2.6481,1.6507
2.6497,1.6457
2.6513,1.6457
2.6530,1.6507
2.6546,1.6507
2.6563,1.6558
2.6579,1.6457
2.6597,1.6507
2.6614,1.6507
2.6631,1.6507
2.6648,1.6507
2.6665,1.6507
2.6681,1.6507
2.6698,1.6507
2.6714,1.6507
2.6731,1.6457
2.6748,1.6507
2.6765,1.6507
2.6783,1.6558
2.6801,1.6507
2.6817,1.6507
2.6834,1.6507
2.6851,1.6507
2.6867,1.6507
2.6883,1.6457
2.6900,1.6558
2.6916,1.6507
2.6932,1.6457
2.6949,1.6507
2.6966,1.6507
2.6982,1.6507
2.6998,1.6507
2.7015,1.6406
2.7031,1.6507
2.7047,1.6457
2.7064,1.6507
2.7080,1.6507
2.7096,1.6457
2.7113,1.6507
2.7129,1.6558
2.7145,1.6457
2.7162,1.6457
2.7178,1.6457
2.7194,1.6507
2.7211,1.6507
2.7227,1.6507
2.7243,1.6507
2.7259,1.6507
2.7276,1.6457
2.7292,1.6457
2.7308,1.6457
2.7325,1.6507
2.7341,1.6457
2.7357,1.6457
2.7374,1.6457
2.7390,1.6507
2.7406,1.6507
2.7423,1.6457
2.7439,1.6507
2.7455,1.6507
2.7471,1.6558
2.7488,1.6507
2.7504,1.6457
2.7520,1.6457
2.7537,1.6507
2.7553,1.6507
2.7569,1.6507
2.7586,1.6558
2.7602,1.6507
2.7618,1.6507
2.7634,1.6457
2.7651,1.6507
2.7667,1.6457
2.7684,1.6507
2.7700,1.6507
2.7716,1.6507
2.7733,1.6507
2.7750,1.6457
2.7766,1.6507
2.7782,1.6507
2.7799,1.6507
2.7815,1.6507
2.7832,1.6507
2.7848,1.6507
2.7864,1.6558
2.7881,1.6406
2.7897,1.6457
2.7913,1.6507
2.7930,1.6507
2.7946,1.6457
2.7962,1.6507
2.7979,1.6457
2.7995,1.6507
2.8011,1.6507
2.8028,1.6507
2.8044,1.6507
2.8061,1.6507
2.8077,1.6457
2.8093,1.6507
2.8110,1.6507
2.8126,1.6507
2.8142,1.6507
2.8159,1.6507
2.8179,1.6507
2.8195,1.6507
2.8212,1.6457
2.8228,1.6507
2.8245,1.6507
2.8261,1.6507
2.8277,1.6457
2.8294,1.6507
2.8310,1.6457
2.8326,1.6507
2.8342,1.6507
2.8359,1.6507
2.8375,1.6507
2.8391,1.6507
2.8408,1.6558
2.8424,1.6507
2.8440,1.6507
2.8456,1.6507
2.8473,1.6507
2.8489,1.6507
2.8505,1.6507
2.8522,1.6507
2.8538,1.6507
2.8554,1.6507
2.8571,1.6507
2.8587,1.6457
2.8603,1.6507
2.8620,1.6457
2.8636,1.6457
2.8653,1.6507
2.8669,1.6457
2.8685,1.6507
2.8702,1.6457
2.8718,1.6457
2.8735,1.6457
2.8751,1.6457
2.8767,1.6507
2.8784,1.6507
2.8800,1.6507
2.8817,1.6406
2.8833,1.6406
2.8849,1.6507
2.8866,1.6457
2.8882,1.6507
2.8898,1.6507
2.8915,1.6507
2.8931,1.6457
2.8948,1.6507
2.8964,1.6457
2.8980,1.6507
2.8997,1.6507
2.9013,1.6406
2.9029,1.6558
2.9046,1.6507
2.9062,1.6507
2.9078,1.6558
2.9095,1.6507
2.9111,1.6507
2.9128,1.6507
2.9144,1.6457
2.9161,1.6507
2.9177,1.6507
2.9193,1.6457
2.9210,1.6507
2.9226,1.6406
2.9242,1.6507
2.9259,1.6507
2.9275,1.6558
2.9291,1.6507
2.9308,1.6507
2.9324,1.6507
2.9341,1.6507
2.9357,1.6507
2.9373,1.6507
2.9390,1.6507
2.9406,1.6507
2.9422,1.6457
2.9439,1.6507
2.9455,1.6507
2.9471,1.6457
2.9488,1.6457
2.9504,1.6507
2.9521,1.6507
2.9537,1.6507
2.9553,1.6558
2.9570,1.6457
2.9586,1.6507
2.9602,1.6457
2.9619,1.6457
2.9635,1.6507
2.9652,1.6457
2.9668,1.6457
2.9684,1.6457
2.9701,1.6507
2.9717,1.6507
2.9733,1.6507
2.9750,1.6457
2.9766,1.6457
2.9783,1.6507
2.9799,1.6457
2.9816,1.6507
2.9832,1.6457
2.9848,1.6507
2.9865,1.6507
2.9881,1.6457
2.9897,1.6507
2.9914,1.6507
2.9930,1.6507
2.9946,1.6507
2.9963,1.6457
2.9979,1.6457
2.9996,1.6507
3.0012,1.6457
3.0028,1.6507
3.0045,1.6457
3.0061,1.6507
3.0077,1.6507
3.0094,1.6507
3.0110,1.6457
3.0127,1.6507
3.0143,1.6457
3.0159,1.6507
3.0176,1.6457
3.0192,1.6507
3.0209,1.6457
3.0225,1.6457
3.0241,1.6507
3.0258,1.6507
3.0274,1.6457
3.0290,1.6507
3.0306,1.6457
3.0323,1.6507
3.0346,1.6507
3.0363,1.6457
3.0379,1.6507
3.0395,1.6507
3.0412,1.6457
3.0428,1.6457
3.0445,1.6507
3.0461,1.6507
3.0477,1.6507
3.0494,1.6457
3.0510,1.6507
3.0526,1.6507
3.0543,1.6457
3.0559,1.6457
3.0575,1.6507
3.0592,1.6507
3.0608,1.6507
3.0624,1.6507
3.0641,1.6507
3.0657,1.6507
3.0674,1.6507
3.0690,1.6507
3.0706,1.6507
3.0723,1.6457
3.0740,1.6507
3.0757,1.6507
3.0773,1.6457
3.0790,1.6507
3.0806,1.6507
3.0822,1.6507
3.0839,1.6507
3.0855,1.6457
3.0871,1.6457
3.0888,1.6507
3.0904,1.6457
3.0921,1.6507
3.0937,1.6457
3.0953,1.6507
3.0970,1.6507
3.0986,1.6507
3.1002,1.6507
3.1019,1.6507
3.1035,1.6507
3.1051,1.6457
3.1068,1.6507
3.1084,1.6457
3.1101,1.6507
3.1117,1.6457
3.1133,1.6507
3.1150,1.6558
3.1166,1.6457
3.1182,1.6507
3.1199,1.6507
3.1215,1.6507
3.1232,1.6457
3.1248,1.6507
3.1265,1.6507
3.1281,1.6507
3.1297,1.6507
3.1314,1.6406
3.1334,1.6507
3.1351,1.6507
3.1367,1.6507
3.1384,1.6507
3.1400,1.6507
3.1417,1.6507
3.1435,1.6457
3.1452,1.6457
3.1470,1.6507
3.1487,1.6507
3.1503,1.6507
3.1520,1.6507
3.1536,1.6507
3.1553,1.6457
3.1569,1.6507
3.1586,1.6507
3.1602,1.6507
3.1619,1.6457
3.1636,1.6457
3.1653,1.6507
3.1670,1.6507
3.1687,1.6507
3.1703,1.6507
3.1720,1.6457
3.1736,1.6507
3.1754,1.6457
3.1771,1.6457
3.1788,1.6457
3.1805,1.6507
3.1822,1.6457
3.1839,1.6457
3.1855,1.6457
3.1872,1.6457
3.1888,1.6457
3.1905,1.6507
3.1921,1.6507
3.1937,1.6507
3.1954,1.6457
3.1970,1.6507
3.1986,1.6457
3.2003,1.6507
3.2019,1.6457
3.2035,1.6507
3.2052,1.6507
3.2068,1.6507
3.2084,1.6507
3.2100,1.6507
3.2117,1.6507
3.2133,1.6507
3.2149,1.6507
3.2166,1.6507
3.2182,1.6507
3.2198,1.6457
3.2215,1.6507
3.2231,1.6457
3.2247,1.6507
3.2263,1.6507
3.2280,1.6507
3.2296,1.6457
3.2312,1.6507
3.2328,1.6406
3.2344,1.6507
3.2361,1.6457
3.2377,1.6457
3.2393,1.6507
3.2410,1.6558
3.2426,1.6507
3.2442,1.6457
3.2458,1.6457
3.2475,1.6457
3.2491,1.6507
3.2507,1.6507
3.2523,1.6507
3.2540,1.6507
3.2556,1.6507
3.2572,1.6457
3.2588,1.6507
3.2605,1.6457
3.2621,1.6507
3.2637,1.6457
3.2653,1.6457
3.2670,1.6507
3.2686,1.6507
3.2702,1.6457
3.2718,1.6507
3.2735,1.6457
3.2751,1.6507
3.2769,1.6406
3.2785,1.6507
3.2801,1.6507
3.2818,1.6507
3.2834,1.6507
3.2850,1.6507
3.2867,1.6507
3.2883,1.6507
3.2900,1.6457
3.2916,1.6457
3.2932,1.6507
3.2949,1.6457
3.2965,1.6507
3.2981,1.6457
3.2998,1.6507
3.3014,1.6507
3.3030,1.6507
3.3047,1.6507
3.3063,1.6457
3.3080,1.6457
3.3096,1.6507
3.3112,1.6507
3.3129,1.6507
3.3145,1.6558
3.3162,1.6507
3.3178,1.6457
3.3194,1.6507
3.3211,1.6507
3.3227,1.6457
3.3243,1.6457
3.3260,1.6507
3.3276,1.6507
3.3292,1.6457
3.3309,1.6457
3.3326,1.6507
3.3342,1.6507
3.3358,1.6457
3.3375,1.6507
3.3391,1.6507
3.3407,1.6507
3.3424,1.6457
3.3440,1.6507
3.3456,1.6507
3.3473,1.6507
3.3489,1.6507
3.3506,1.6507
3.3522,1.6457
3.3538,1.6507
3.3555,1.6507
3.3571,1.6507
3.3587,1.6457
3.3604,1.6406
3.3620,1.6507
3.3637,1.6457
3.3653,1.6507
3.3669,1.6507
3.3686,1.6457
3.3702,1.6507
3.3718,1.6507
3.3735,1.6507
3.3751,1.6457
3.3768,1.6507
3.3784,1.6507
3.3801,1.6507
3.3817,1.6507
3.3833,1.6457
3.3850,1.6457
3.3866,1.6507
3.3882,1.6558
3.3899,1.6507
3.3915,1.6507
3.3931,1.6457
3.3948,1.6507
3.3964,1.6507
3.3981,1.6457
3.3997,1.6507
3.4013,1.6406
3.4030,1.6457
3.4046,1.6507
3.4062,1.6507
3.4079,1.6457
3.4095,1.6507
3.4112,1.6507
3.4128,1.6507
3.4144,1.6457
3.4161,1.6457
3.4177,1.6406
3.4193,1.6507
3.4210,1.6457
3.4226,1.6507
3.4243,1.6457
3.4259,1.6507
3.4275,1.6507
3.4292,1.6507
3.4308,1.6457
3.4324,1.6457
3.4341,1.6457
3.4362,1.6457
3.4379,1.6507
3.4396,1.6507
3.4412,1.6507
3.4428,1.6507
3.4444,1.6507
3.4461,1.6507
3.4477,1.6457
3.4493,1.6457
3.4510,1.6507
3.4526,1.6507
3.4542,1.6507
3.4559,1.6507
3.4575,1.6507
3.4591,1.6457
3.4607,1.6507
3.4624,1.6507
3.4640,1.6507
3.4656,1.6457
3.4672,1.6457
3.4689,1.6507
3.4705,1.6457
3.4721,1.6457
3.4737,1.6457
3.4754,1.6457
3.4771,1.6457
3.4788,1.6457
3.4804,1.6507
3.4821,1.6507
3.4837,1.6457
3.4854,1.6457
3.4870,1.6507
3.4887,1.6507
3.4903,1.6457
3.4920,1.6507
3.4936,1.6457
3.4953,1.6457
3.4969,1.6507
3.4986,1.6507
3.5002,1.6507
3.5019,1.6507
3.5035,1.6507
3.5052,1.6457
3.5068,1.6558
3.5085,1.6507
3.5101,1.6457
3.5118,1.6507
3.5134,1.6457
3.5151,1.6507
3.5167,1.6507
3.5184,1.6457
3.5201,1.6507
3.5217,1.6507
3.5234,1.6507
3.5250,1.6507
3.5267,1.6507
3.5283,1.6507
3.5300,1.6507
3.5316,1.6507
3.5333,1.6507
3.5349,1.6507
3.5366,1.6507
3.5382,1.6507
3.5399,1.6507
3.5416,1.6507
3.5432,1.6457
3.5449,1.6507
3.5465,1.6507
3.5482,1.6507
3.5498,1.6457
3.5515,1.6507
3.5531,1.6457
3.5548,1.6457
3.5564,1.6457
3.5581,1.6558
3.5597,1.6558
3.5614,1.6457
3.5631,1.6507
3.5647,1.6457
3.5664,1.6507
3.5680,1.6507
3.5697,1.6507
3.5713,1.6507
3.5730,1.6507
3.5746,1.6457
3.5763,1.6457
3.5781,1.6507
3.5797,1.6507
3.5814,1.6507
3.5830,1.6507
3.5846,1.6507
3.5863,1.6457
3.5879,1.6507
3.5895,1.6457
3.5912,1.6507
3.5928,1.6457
3.5944,1.6406
3.5961,1.6507
3.5977,1.6457
3.5993,1.6507
3.6010,1.6507
3.6026,1.6457
3.6042,1.6457
3.6059,1.6507
3.6075,1.6507
3.6091,1.6507
3.6107,1.6507
3.6124,1.6507
3.6140,1.6457
3.6156,1.6457
3.6173,1.6507
3.6189,1.6507
3.6206,1.6507
3.6222,1.6507
3.6238,1.6507
3.6254,1.6406
3.6271,1.6406
3.6287,1.6507
3.6304,1.6507
3.6320,1.6457
3.6336,1.6507
3.6353,1.6507
3.6369,1.6507
3.6385,1.6457
3.6401,1.6457
3.6418,1.6507
3.6434,1.6457
3.6451,1.6507
3.6467,1.6507
3.6484,1.6507
3.6500,1.6507
3.6516,1.6406
3.6532,1.6457
3.6549,1.6507
3.6570,1.6457
3.6616,1.6507
3.6634,1.6507
3.6651,1.6507
3.6668,1.6457
3.6684,1.6507
3.6700,1.6457
3.6717,1.6457
3.6733,1.6507
3.6750,1.6507
3.6768,1.6457
3.6785,1.6457
3.6802,1.6406
3.6819,1.6507
3.6836,1.6507
3.6852,1.6457
3.6868,1.6507
3.6884,1.6457
3.6900,1.6406
3.6917,1.6406
3.6933,1.6507
3.6949,1.6507
3.6966,1.6507
3.6983,1.6507
3.6999,1.6457
3.7015,1.6457
3.7031,1.6507
3.7048,1.6457
3.7064,1.6507
3.7080,1.6507
3.7096,1.6457
3.7112,1.6457
3.7129,1.6507
3.7145,1.6507
3.7161,1.6507
3.7177,1.6457
3.7193,1.6507
3.7210,1.6457
3.7226,1.6457
3.7242,1.6507
3.7258,1.6507
3.7275,1.6507
3.7291,1.6457
3.7307,1.6558
3.7323,1.6507
3.7339,1.6457
3.7356,1.6507
3.7372,1.6507
3.7388,1.6457
3.7404,1.6507
3.7420,1.6507
3.7438,1.6507
3.7455,1.6457
3.7472,1.6507
3.7489,1.6507
3.7505,1.6507
3.7521,1.6457
3.7538,1.6507
3.7554,1.6507
3.7570,1.6507
3.7586,1.6457
3.7602,1.6507
3.7619,1.6507
3.7635,1.6507
3.7652,1.6558
3.7668,1.6507
3.7684,1.6457
3.7700,1.6507
3.7717,1.6507
3.7733,1.6507
3.7749,1.6507
3.7766,1.6457
3.7782,1.6507
3.7798,1.6457
3.7815,1.6507
3.7831,1.6457
3.7848,1.6457
3.7864,1.6507
3.7880,1.6457
3.7897,1.6507
3.7913,1.6457
3.7929,1.6507
3.7946,1.6507
3.7962,1.6507
3.7979,1.6558
3.7995,1.6507
3.8011,1.6507
3.8028,1.6507
3.8044,1.6457
3.8060,1.6507
3.8077,1.6507
3.8093,1.6406
3.8109,1.6507
3.8126,1.6507
3.8142,1.6507
3.8159,1.6507
3.8175,1.6558
3.8191,1.6507
3.8208,1.6457
3.8224,1.6507
3.8241,1.6507
3.8257,1.6507
3.8273,1.6457
3.8290,1.6507
3.8306,1.6507
3.8322,1.6457
3.8339,1.6457
3.8355,1.6507
3.8371,1.6507
3.8388,1.6507
3.8404,1.6457
3.8420,1.6507
3.8436,1.6507
3.8453,1.6507
3.8469,1.6507
3.8485,1.6507
3.8502,1.6507
3.8518,1.6507
3.8534,1.6507
3.8551,1.6457
3.8567,1.6507
3.8583,1.6507
3.8600,1.6507
3.8616,1.6507
3.8632,1.6507
3.8649,1.6457
3.8665,1.6457
3.8682,1.6507
3.8698,1.6507
3.8714,1.6507
3.8731,1.6507
3.8747,1.6507
3.8763,1.6507
3.8780,1.6507
3.8796,1.6457
3.8813,1.6507
3.8829,1.6507
3.8846,1.6558
3.8862,1.6507
3.8878,1.6507
3.8895,1.6507
3.8911,1.6457
3.8927,1.6507
3.8944,1.6507
3.8960,1.6507
3.8977,1.6507
3.8993,1.6507
3.9010,1.6507
3.9026,1.6507
3.9042,1.6507
3.9059,1.6457
3.9075,1.6507
3.9091,1.6457
3.9108,1.6507
3.9124,1.6507
3.9140,1.6507
3.9157,1.6457
3.9173,1.6406
3.9190,1.6507
3.9206,1.6507
3.9222,1.6507
3.9239,1.6457
3.9255,1.6507
3.9271,1.6507
3.9288,1.6507
3.9304,1.6507
3.9321,1.6507
3.9337,1.6507
3.9353,1.6507
3.9370,1.6507
3.9386,1.6507
3.9402,1.6507
3.9419,1.6507
3.9435,1.6507
3.9451,1.6507
3.9468,1.6507
3.9484,1.6558
3.9501,1.6507
3.9517,1.6457
3.9533,1.6457
3.9550,1.6507
3.9566,1.6507
3.9582,1.6507
3.9599,1.6507
3.9615,1.6507
3.9632,1.6507
3.9648,1.6457
3.9664,1.6507
3.9681,1.6457
3.9697,1.6507
3.9714,1.6507
3.9730,1.6507
3.9746,1.6507
3.9763,1.6507
3.9779,1.6507
3.9795,1.6507
3.9812,1.6507
3.9828,1.6507
3.9845,1.6457
3.9861,1.6507
3.9878,1.6558
3.9894,1.6457
3.9910,1.6507
3.9927,1.6507
3.9943,1.6457
3.9959,1.6457
3.9976,1.6507
3.9992,1.6507
4.0008,1.6507
4.0025,1.6507
4.0041,1.6507
4.0058,1.6507
4.0074,1.6406
4.0090,1.6457
4.0107,1.6507
4.0123,1.6507
4.0140,1.6457
4.0156,1.6457
4.0172,1.6507
4.0190,1.6457
4.0207,1.6507
4.0224,1.6457
4.0240,1.6457
4.0257,1.6507
4.0273,1.6457
4.0289,1.6457
4.0305,1.6507
4.0322,1.6457
4.0338,1.6507
4.0354,1.6406
4.0371,1.6507
4.0387,1.6507
4.0403,1.6507
4.0420,1.6507
4.0436,1.6507
4.0452,1.6406
4.0469,1.6457
4.0485,1.6507
4.0501,1.6507
4.0517,1.6507
4.0534,1.6507
4.0550,1.6406
4.0566,1.6507
4.0583,1.6507
4.0599,1.6457
4.0616,1.6507
4.0632,1.6457
4.0648,1.6507
4.0665,1.6507
4.0681,1.6457
4.0697,1.6457
4.0714,1.6507
4.0730,1.6507
4.0747,1.6558
4.0763,1.6457
4.0779,1.6507
4.0796,1.6507
4.0812,1.6507
4.0829,1.6457
4.0845,1.6457
4.0862,1.6507
4.0878,1.6507
4.0894,1.6507
4.0911,1.6507
4.0927,1.6507
4.0943,1.6406
4.0960,1.6507
4.0976,1.6507
4.0993,1.6507
4.1009,1.6406
4.1025,1.6406
4.1042,1.6457
4.1058,1.6457
4.1074,1.6457
4.1091,1.6457
4.1107,1.6507
4.1123,1.6457
4.1140,1.6507
4.1156,1.6507
4.1173,1.6507
4.1189,1.6457
4.1205,1.6507
4.1222,1.6507
4.1238,1.6457
4.1254,1.6507
4.1271,1.6507
4.1287,1.6507
4.1304,1.6507
4.1320,1.6507
4.1337,1.6507
4.1353,1.6457
4.1370,1.6507
4.1386,1.6507
4.1403,1.6457
4.1419,1.6457
4.1435,1.6457
4.1452,1.6507
4.1468,1.6457
4.1484,1.6457
4.1501,1.6457
4.1517,1.6457
4.1534,1.6457
4.1550,1.6406
4.1566,1.6507
4.1584,1.6507
4.1601,1.6507
4.1619,1.6457
4.1637,1.6457
4.1654,1.6558
4.1670,1.6457
4.1687,1.6457
4.1704,1.6457
4.1720,1.6507
4.1737,1.6507
4.1767,1.6507
4.1784,1.6457
4.1802,1.6507
4.1819,1.6457
4.1836,1.6507
4.1852,1.6457
4.1869,1.6507
4.1885,1.6507
4.1901,1.6507
4.1917,1.6507
4.1934,1.6507
4.1950,1.6457
4.1967,1.6457
4.1983,1.6507
4.1999,1.6507
4.2016,1.6507
4.2032,1.6507
4.2048,1.6507
4.2064,1.6507
4.2081,1.6507
4.2097,1.6507
4.2113,1.6457
4.2130,1.6507
4.2146,1.6507
4.2162,1.6507
4.2179,1.6457
4.2195,1.6507
4.2211,1.6457
4.2227,1.6507
4.2244,1.6507
4.2260,1.6457
4.2276,1.6507
4.2293,1.6457
4.2309,1.6507
4.2325,1.6406
4.2341,1.6507
4.2358,1.6507
4.2374,1.6507
4.2390,1.6507
4.2407,1.6457
4.2423,1.6457
4.2439,1.6507
4.2455,1.6507
4.2472,1.6507
4.2488,1.6457
4.2504,1.6507
4.2520,1.6507
4.2537,1.6507
4.2553,1.6507
4.2569,1.6507
4.2585,1.6457
4.2602,1.6406
4.2618,1.6457
4.2634,1.6507
4.2650,1.6457
4.2667,1.6507
4.2683,1.6507
4.2699,1.6507
4.2715,1.6457
4.2732,1.6507
4.2748,1.6507
4.2764,1.6507
4.2780,1.6457
4.2797,1.6507
4.2814,1.6457
4.2831,1.6457
4.2847,1.6457
4.2864,1.6406
4.2880,1.6507
4.2896,1.6457
4.2913,1.6457
4.2929,1.6507
4.2945,1.6457
4.2962,1.6507
4.2978,1.6507
4.2995,1.6457
4.3011,1.6457
4.3027,1.6507
4.3044,1.6507
4.3060,1.6507
4.3077,1.6507
4.3093,1.6406
4.3110,1.6507
4.3127,1.6507
4.3144,1.6507
4.3161,1.6457
4.3177,1.6507
4.3194,1.6457
4.3210,1.6507
4.3226,1.6507
4.3243,1.6507
4.3259,1.6457
4.3275,1.6457
4.3292,1.6457
4.3308,1.6507
4.3324,1.6507
4.3341,1.6457
4.3357,1.6507
4.3374,1.6507
4.3390,1.6507
4.3406,1.6507
4.3423,1.6457
4.3441,1.6457
4.3459,1.6507
4.3477,1.6558
4.3494,1.6558
4.3510,1.6457
4.3527,1.6507
4.3543,1.6507
4.3561,1.6507
4.3577,1.6507
4.3594,1.6457
4.3612,1.6457
4.3629,1.6507
4.3646,1.6507
4.3663,1.6507
4.3680,1.6457
4.3696,1.6507
4.3713,1.6507
4.3729,1.6507
4.3746,1.6507
4.3762,1.6507
4.3779,1.6558
4.3795,1.6507
4.3812,1.6457
4.3830,1.6457
4.3847,1.6457
4.3863,1.6507
4.3880,1.6558
4.3896,1.6507
4.3913,1.6457
4.3929,1.6507
4.3946,1.6558
4.3962,1.6457
4.3978,1.6507
4.3994,1.6507
4.4011,1.6507
4.4027,1.6457
4.4043,1.6507
4.4059,1.6507
4.4075,1.6507
4.4091,1.6507
4.4108,1.6507
4.4124,1.6457
4.4140,1.6507
4.4156,1.6507
4.4173,1.6457
4.4189,1.6507
4.4205,1.6507
4.4221,1.6507
4.4238,1.6457
4.4254,1.6457
4.4270,1.6507
4.4286,1.6507
4.4303,1.6507
4.4319,1.6507
4.4335,1.6507
4.4352,1.6457
4.4368,1.6507
4.4384,1.6457
4.4401,1.6507
4.4417,1.6457
4.4433,1.6507
4.4450,1.6507
4.4466,1.6507
4.4482,1.6507
4.4499,1.6457
4.4515,1.6507
4.4532,1.6457
4.4548,1.6507
4.4565,1.6507
4.4581,1.6507
4.4598,1.6457
4.4614,1.6558
4.4631,1.6507
4.4648,1.6507
4.4664,1.6457
4.4681,1.6507
4.4697,1.6507
4.4713,1.6507
4.4730,1.6507
4.4746,1.6507
4.4763,1.6406
4.4779,1.6507
4.4796,1.6457
4.4813,1.6507
4.4829,1.6457
4.4846,1.6457
4.4862,1.6507
4.4878,1.6507
4.4894,1.6507
4.4910,1.6457
4.4926,1.6507
4.4941,1.6457
4.4957,1.6457
4.4973,1.6507
4.4989,1.6507
4.5005,1.6507
4.5021,1.6507
4.5037,1.6507
4.5053,1.6558
4.5069,1.6507
4.5085,1.6507
4.5101,1.6457
4.5116,1.6558
4.5132,1.6507
4.5148,1.6507
4.5164,1.6507
4.5180,1.6457
4.5196,1.6457
4.5212,1.6507
4.5228,1.6457
4.5245,1.6507
4.5261,1.6507
4.5277,1.6457
4.5292,1.6507
4.5308,1.6507
4.5324,1.6507
4.5340,1.6507
4.5356,1.6507
4.5372,1.6507
4.5388,1.6507
4.5404,1.6507
4.5419,1.6457
4.5435,1.6457
4.5451,1.6507
4.5467,1.6507
4.5483,1.6507
4.5499,1.6457
4.5515,1.6507
4.5531,1.6507
4.5546,1.6507
4.5562,1.6457
4.5578,1.6507
4.5594,1.6406
4.5610,1.6457
4.5626,1.6507
4.5642,1.6507
4.5658,1.6507
4.5673,1.6507
4.5689,1.6457
4.5705,1.6507
4.5721,1.6507
4.5737,1.6457
4.5753,1.6507
4.5769,1.6507
4.5785,1.6507
4.5801,1.6457
4.5817,1.6507
4.5832,1.6457
4.5848,1.6507
4.5864,1.6507
4.5880,1.6507
4.5896,1.6507
4.5912,1.6507
4.5928,1.6507
4.5944,1.6507
4.5960,1.6457
4.5976,1.6507
4.5992,1.6507
4.6008,1.6507
4.6023,1.6457
4.6039,1.6507
4.6055,1.6507
4.6071,1.6457
4.6087,1.6457
4.6103,1.6507
4.6119,1.6457
4.6135,1.6457
4.6151,1.6558
4.6167,1.6457
4.6183,1.6507
4.6199,1.6507
4.6214,1.6507
4.6230,1.6507
4.6246,1.6507
4.6262,1.6457
4.6278,1.6457
4.6294,1.6457
4.6310,1.6507
4.6326,1.6457
4.6342,1.6507
4.6358,1.6507
4.6374,1.6507
4.6389,1.6507
4.6405,1.6507
4.6421,1.6457
4.6437,1.6507
4.6453,1.6457
4.6469,1.6507
4.6485,1.6457
4.6501,1.6507
4.6517,1.6507
4.6533,1.6457
4.6549,1.6507
4.6564,1.6457
4.6581,1.6507
4.6598,1.6507
4.6614,1.6507
4.6631,1.6507
4.6647,1.6507
4.6663,1.6507
4.6680,1.6457
4.6697,1.6507
4.6713,1.6507
4.6730,1.6457
4.6746,1.6507
4.6762,1.6457
4.6778,1.6457
4.6794,1.6507
4.6810,1.6558
4.6826,1.6507
4.6842,1.6457
4.6858,1.6507
4.6874,1.6507
4.6889,1.6507
4.6905,1.6457
4.6921,1.6507
4.6937,1.6406
4.6953,1.6507
4.6969,1.6457
4.6985,1.6507
4.7001,1.6507
4.7017,1.6507
4.7033,1.6457
4.7049,1.6507
4.7065,1.6457
4.7081,1.6457
4.7097,1.6507
4.7113,1.6507
4.7128,1.6507
4.7144,1.6457
4.7160,1.6507
4.7176,1.6457
4.7192,1.6507
4.7208,1.6507
4.7224,1.6507
4.7240,1.6457
4.7256,1.6457
4.7272,1.6507
4.7288,1.6406
4.7303,1.6507
4.7319,1.6457
4.7335,1.6457
4.7351,1.6507
4.7367,1.6406
4.7383,1.6507
4.7399,1.6507
4.7415,1.6457
4.7431,1.6457
4.7447,1.6457
4.7463,1.6507
4.7479,1.6457
4.7495,1.6507
4.7511,1.6507
4.7526,1.6507
4.7542,1.6457
4.7558,1.6507
4.7574,1.6457
4.7590,1.6507
4.7606,1.6507
4.7622,1.6507
4.7638,1.6507
4.7654,1.6507
4.7670,1.6457
4.7686,1.6507
4.7702,1.6507
4.7717,1.6507
4.7733,1.6507
4.7749,1.6507
4.7765,1.6457
4.7781,1.6457
4.7797,1.6507
4.7813,1.6406
4.7829,1.6457
4.7845,1.6507
4.7861,1.6507
4.7877,1.6507
4.7893,1.6507
4.7909,1.6507
4.7925,1.6406
4.7940,1.6507
4.7956,1.6507
4.7972,1.6457
4.7988,1.6507
4.8004,1.6457
4.8020,1.6457
4.8036,1.6507
4.8052,1.6457
4.8068,1.6507
4.8084,1.6457
4.8100,1.6507
4.8116,1.6507
4.8131,1.6507
4.8147,1.6507
4.8163,1.6507
4.8179,1.6457
4.8195,1.6507
4.8211,1.6507
4.8227,1.6507
4.8243,1.6457
4.8259,1.6507
4.8275,1.6507
4.8291,1.6507
4.8307,1.6457
4.8323,1.6558
4.8338,1.6507
4.8354,1.6457
4.8370,1.6507
4.8386,1.6558
4.8402,1.6457
4.8418,1.6507
4.8434,1.6406
4.8450,1.6507
4.8466,1.6507
4.8482,1.6507
4.8498,1.6507
4.8513,1.6507
4.8529,1.6507
4.8545,1.6507
4.8561,1.6507
4.8577,1.6507
4.8593,1.6457
4.8609,1.6507
4.8625,1.6507
4.8641,1.6457
4.8657,1.6457
4.8673,1.6406
4.8689,1.6507
4.8704,1.6457
4.8720,1.6457
4.8736,1.6507
4.8752,1.6507
4.8768,1.6507
4.8784,1.6507
4.8800,1.6507
4.8816,1.6507
4.8832,1.6457
4.8848,1.6457
4.8864,1.6457
4.8880,1.6507
4.8895,1.6457
4.8911,1.6457
4.8927,1.6507
4.8943,1.6507
4.8959,1.6507
4.8975,1.6507
4.8991,1.6457
4.9007,1.6507
4.9023,1.6507
4.9039,1.6507
4.9055,1.6507
4.9071,1.6457
4.9086,1.6507
4.9102,1.6507
4.9118,1.6507
4.9134,1.6457
4.9150,1.6406
4.9166,1.6457
4.9182,1.6457
4.9198,1.6507
4.9214,1.6507
4.9230,1.6507
4.9246,1.6507
4.9262,1.6457
4.9277,1.6507
4.9293,1.6507
4.9309,1.6507
4.9325,1.6457
4.9341,1.6457
4.9357,1.6457
4.9373,1.6507
4.9389,1.6457
4.9405,1.6457
4.9421,1.6457
4.9438,1.6406
4.9455,1.6507
4.9474,1.6507
4.9491,1.6457
4.9507,1.6406
4.9524,1.6507
4.9540,1.6457
4.9556,1.6457
4.9572,1.6507
4.9588,1.6507
4.9604,1.6457
4.9619,1.6457
4.9636,1.6507
4.9652,1.6507
4.9668,1.6507
4.9684,1.6507
4.9700,1.6457
4.9715,1.6507
4.9731,1.6507
4.9747,1.6507
4.9763,1.6507
4.9779,1.6406
4.9795,1.6457
4.9811,1.6507
4.9827,1.6507
4.9843,1.6457
4.9859,1.6507
4.9875,1.6457
4.9890,1.6457
4.9906,1.6457
4.9922,1.6457
4.9938,1.6507
4.9954,1.6457
4.9970,1.6457
4.9986,1.6457
5.0002,1.6507
5.0018,1.6507
5.0034,1.6507
5.0050,1.6507
5.0066,1.6507
5.0082,1.6507
5.0097,1.6507
5.0113,1.6457
5.0129,1.6457
5.0145,1.6507
5.0161,1.6507
5.0177,1.6457
5.0193,1.6507
5.0209,1.6507
5.0225,1.6507
5.0241,1.6507
5.0257,1.6507
5.0273,1.6457
5.0288,1.6507
5.0304,1.6507
5.0320,1.6457
5.0336,1.6507
5.0352,1.6507
5.0368,1.6457
5.0384,1.6507
5.0400,1.6507
5.0416,1.6507
5.0431,1.6507
5.0447,1.6507
5.0463,1.6457
5.0479,1.6507
5.0495,1.6507
5.0511,1.6507
5.0527,1.6507
5.0543,1.6507
5.0559,1.6457
5.0575,1.6507
5.0591,1.6507
5.0606,1.6457
5.0622,1.6507
5.0638,1.6457
5.0654,1.6457
5.0670,1.6457
5.0686,1.6507
5.0702,1.6558
5.0718,1.6507
5.0734,1.6507
5.0750,1.6507
5.0766,1.6457
5.0782,1.6457
5.0797,1.6507
5.0813,1.6457
5.0829,1.6457
5.0845,1.6507
5.0861,1.6507
5.0877,1.6457
5.0893,1.6507
5.0909,1.6457
5.0925,1.6457
5.0941,1.6507
5.0957,1.6507
5.0973,1.6457
5.0988,1.6457
5.1004,1.6507
5.1020,1.6507
5.1036,1.6457
5.1052,1.6457
5.1068,1.6507
5.1084,1.6406
5.1100,1.6507
5.1116,1.6507
5.1131,1.6457
5.1147,1.6507
5.1163,1.6457
5.1179,1.6507
5.1195,1.6507
5.1211,1.6507
5.1227,1.6406
5.1243,1.6457
5.1259,1.6507
5.1275,1.6457
5.1291,1.6507
5.1306,1.6457
5.1322,1.6507
5.1338,1.6457
5.1354,1.6457
5.1370,1.6507
5.1386,1.6507
5.1402,1.6507
5.1418,1.6507
5.1434,1.6507
5.1450,1.6507
5.1466,1.6457
5.1481,1.6507
5.1497,1.6507
5.1513,1.6507
5.1529,1.6507
5.1545,1.6457
5.1561,1.6507
5.1578,1.6507
5.1594,1.6507
5.1611,1.6507
5.1627,1.6507
5.1644,1.6457
5.1660,1.6457
5.1677,1.6507
5.1694,1.6507
5.1710,1.6507
5.1726,1.6507
5.1742,1.6457
5.1759,1.6457
5.1774,1.6507
5.1790,1.6406
5.1806,1.6457
5.1823,1.6457
5.1838,1.6507
5.1854,1.6457
5.1870,1.6507
5.1887,1.6457
5.1903,1.6507
5.1919,1.6507
5.1936,1.6507
5.1952,1.6507
5.1969,1.6457
5.1986,1.6507
5.2002,1.6507
5.2019,1.6457
5.2035,1.6507
5.2052,1.6507
5.2068,1.6507
5.2084,1.6457
5.2101,1.6558
5.2117,1.6457
5.2134,1.6507
5.2150,1.6507
5.2167,1.6457
5.2183,1.6457
5.2200,1.6507
5.2216,1.6507
5.2233,1.6507
5.2250,1.6457
5.2266,1.6507
5.2282,1.6507
5.2299,1.6457
5.2315,1.6457
5.2332,1.6457
5.2348,1.6507
5.2365,1.6507
5.2381,1.6457
5.2398,1.6457
5.2414,1.6507
5.2431,1.6507
5.2447,1.6507
5.2464,1.6507
5.2480,1.6507
5.2497,1.6507
5.2513,1.6457
5.2530,1.6507
5.2546,1.6507
5.2563,1.6507
5.2579,1.6457
5.2596,1.6457
5.2612,1.6457
5.2629,1.6507
5.2645,1.6457
5.2662,1.6507
5.2678,1.6457
5.2695,1.6507
5.2711,1.6507
5.2728,1.6457
5.2744,1.6507
5.2761,1.6507
5.2777,1.6406
5.2794,1.6507
5.2810,1.6507
5.2827,1.6507
5.2843,1.6507
5.2860,1.6507
5.2877,1.6457
5.2894,1.6457
5.2911,1.6507
5.2927,1.6457
5.2944,1.6507
5.2960,1.6457
5.2977,1.6457
5.2993,1.6457
5.3009,1.6507
5.3026,1.6507
5.3042,1.6457
5.3059,1.6507
5.3075,1.6457
5.3091,1.6457
5.3108,1.6457
5.3124,1.6507
5.3140,1.6507
5.3157,1.6457
5.3173,1.6507
5.3189,1.6507
5.3206,1.6457
5.3222,1.6507
5.3239,1.6457
5.3255,1.6406
5.3271,1.6507
5.3288,1.6507
5.3304,1.6507
5.3320,1.6507
5.3337,1.6457
5.3353,1.6507
5.3370,1.6457
5.3386,1.6507
5.3402,1.6457
5.3419,1.6457
5.3435,1.6507
5.3451,1.6507
5.3468,1.6507
5.3484,1.6406
5.3501,1.6457
5.3517,1.6507
5.3533,1.6507
5.3550,1.6457
5.3566,1.6507
5.3582,1.6457
5.3599,1.6457
5.3615,1.6457
5.3631,1.6457
5.3648,1.6507
5.3664,1.6507
5.3681,1.6457
5.3697,1.6507
5.3713,1.6457
5.3730,1.6457
5.3746,1.6507
5.3763,1.6457
5.3779,1.6457
5.3795,1.6457
5.3812,1.6507
5.3828,1.6507
5.3844,1.6507
5.3861,1.6507
5.3877,1.6507
5.3894,1.6507
5.3910,1.6507
5.3927,1.6507
5.3943,1.6507
5.3959,1.6507
5.3976,1.6507
5.3992,1.6406
5.4008,1.6507
5.4025,1.6457
5.4041,1.6507
5.4058,1.6457
5.4074,1.6507
5.4091,1.6507
5.4107,1.6457
5.4123,1.6507
5.4140,1.6507
5.4156,1.6507
5.4172,1.6507
5.4189,1.6507
5.4205,1.6457
5.4221,1.6507
5.4238,1.6507
5.4254,1.6457
5.4271,1.6507
5.4287,1.6457
5.4303,1.6457
5.4320,1.6457
5.4336,1.6507
5.4353,1.6558
5.4369,1.6457
5.4385,1.6457
5.4402,1.6507
5.4418,1.6507
5.4434,1.6507
5.4451,1.6507
5.4467,1.6507
5.4483,1.6507
5.4500,1.6507
5.4516,1.6457
5.4532,1.6457
5.4549,1.6507
5.4565,1.6507
5.4581,1.6457
5.4598,1.6507
5.4614,1.6457
5.4631,1.6457
5.4647,1.6507
5.4663,1.6507
5.4680,1.6457
5.4696,1.6457
5.4712,1.6507
5.4729,1.6507
5.4745,1.6507
5.4763,1.6457
5.4779,1.6457
5.4796,1.6507
5.4812,1.6457
5.4828,1.6457
5.4845,1.6558
5.4861,1.6406
5.4878,1.6457
5.4895,1.6507
5.4912,1.6457
5.4929,1.6507
5.4945,1.6457
5.4962,1.6507
5.4978,1.6507
5.4995,1.6507
5.5012,1.6457
5.5028,1.6507
5.5045,1.6507
5.5062,1.6507
5.5078,1.6507
5.5095,1.6507
5.5112,1.6457
5.5131,1.6507
5.5147,1.6457
5.5164,1.6507
5.5181,1.6507
5.5197,1.6457
5.5214,1.6507
5.5231,1.6507
5.5247,1.6457
5.5264,1.6457
5.5281,1.6406
5.5298,1.6507
5.5315,1.6457
5.5332,1.6507
5.5348,1.6457
5.5364,1.6406
5.5381,1.6507
5.5397,1.6507
5.5413,1.6507
5.5430,1.6457
5.5447,1.6457
5.5465,1.6507
5.5482,1.6507
5.5499,1.6457
5.5516,1.6507
5.5532,1.6507
5.5548,1.6507
5.5564,1.6507
5.5581,1.6507
5.5597,1.6507
5.5613,1.6507
5.5630,1.6507
5.5646,1.6457
5.5662,1.6507
5.5679,1.6457
5.5695,1.6457
5.5711,1.6457
5.5727,1.6507
5.5744,1.6457
5.5760,1.6507
5.5777,1.6507
5.5793,1.6457
5.5809,1.6507
5.5826,1.6507
5.5842,1.6507
5.5858,1.6507
5.5874,1.6507
5.5891,1.6507
5.5908,1.6507
5.5924,1.6507
5.5941,1.6507
5.5957,1.6507
5.5973,1.6457
5.5989,1.6457
5.6005,1.6457
5.6022,1.6507
5.6038,1.6406
5.6054,1.6507
5.6070,1.6457
5.6086,1.6457
5.6102,1.6507
5.6119,1.6457
5.6135,1.6457
5.6151,1.6507
5.6168,1.6507
5.6184,1.6558
5.6200,1.6457
5.6216,1.6507
5.6233,1.6507
5.6249,1.6457
5.6265,1.6457
5.6281,1.6507
5.6298,1.6457
5.6314,1.6507
5.6330,1.6507
5.6346,1.6457
5.6362,1.6507
5.6379,1.6507
5.6395,1.6507
5.6411,1.6507
5.6427,1.6457
5.6443,1.6507
5.6460,1.6457
5.6476,1.6507
5.6492,1.6507
5.6508,1.6507
5.6524,1.6507
5.6541,1.6507
5.6557,1.6457
5.6573,1.6507
5.6591,1.6507
5.6608,1.6457
5.6625,1.6457
5.6642,1.6507
5.6660,1.6507
5.6676,1.6507
5.6692,1.6507
5.6709,1.6558
5.6725,1.6507
5.6742,1.6507
5.6759,1.6457
5.6776,1.6507
5.6793,1.6457
5.6813,1.6507
5.6830,1.6507
5.6846,1.6457
5.6862,1.6457
5.6878,1.6507
5.6895,1.6507
5.6911,1.6507
5.6927,1.6507
5.6943,1.6457
5.6960,1.6457
5.6976,1.6457
5.6993,1.6457
5.7009,1.6507
5.7025,1.6457
5.7041,1.6507
5.7057,1.6507
5.7074,1.6457
5.7090,1.6507
5.7106,1.6457
5.7122,1.6457
5.7138,1.6457
5.7154,1.6507
5.7171,1.6507
5.7187,1.6507
5.7203,1.6457
5.7219,1.6507
5.7235,1.6507
5.7251,1.6507
5.7268,1.6457
5.7284,1.6507
5.7300,1.6507
5.7316,1.6558
5.7332,1.6507
5.7348,1.6507
5.7365,1.6507
5.7381,1.6507
5.7397,1.6507
5.7413,1.6507
5.7429,1.6507
5.7446,1.6457
5.7462,1.6507
5.7478,1.6457
5.7494,1.6507
5.7510,1.6507
5.7526,1.6457
5.7543,1.6507
5.7559,1.6457
5.7575,1.6507
5.7591,1.6507
5.7607,1.6457
5.7623,1.6507
5.7640,1.6457
5.7656,1.6507
5.7672,1.6507
5.7688,1.6457
5.7704,1.6507
5.7721,1.6457
5.7737,1.6507
5.7753,1.6507
5.7769,1.6457
5.7785,1.6507
5.7802,1.6507
5.7818,1.6507
5.7834,1.6457
5.7850,1.6406
5.7867,1.6507
5.7883,1.6507
5.7899,1.6457
5.7916,1.6507
5.7933,1.6457
5.7949,1.6507
5.7965,1.6507
5.7982,1.6457
5.7998,1.6507
5.8014,1.6507
5.8031,1.6507
5.8047,1.6406
5.8063,1.6507
5.8080,1.6507
5.8096,1.6507
5.8112,1.6457
5.8129,1.6507
5.8145,1.6406
5.8161,1.6457
5.8178,1.6507
5.8194,1.6457
5.8211,1.6507
5.8227,1.6457
5.8243,1.6457
5.8260,1.6507
5.8276,1.6457
5.8292,1.6457
5.8309,1.6507
5.8325,1.6507
5.8341,1.6507
5.8358,1.6507
5.8374,1.6507
5.8390,1.6457
5.8407,1.6507
5.8423,1.6507
5.8439,1.6406
5.8456,1.6457
5.8472,1.6457
5.8488,1.6457
5.8505,1.6457
5.8521,1.6457
5.8537,1.6507
5.8554,1.6507
5.8570,1.6507
5.8586,1.6406
5.8602,1.6507
5.8619,1.6507
5.8635,1.6457
5.8651,1.6507
5.8668,1.6507
5.8684,1.6507
5.8700,1.6507
5.8717,1.6507
5.8733,1.6507
5.8749,1.6457
5.8766,1.6457
5.8782,1.6457
5.8798,1.6507
5.8815,1.6507
5.8831,1.6457
5.8847,1.6507
5.8864,1.6507
5.8880,1.6507
5.8896,1.6457
5.8913,1.6507
5.8929,1.6507
5.8946,1.6457
5.8962,1.6507
5.8978,1.6406
5.8995,1.6507
5.9011,1.6507
5.9027,1.6507
5.9044,1.6507
5.9060,1.6507
5.9077,1.6457
5.9093,1.6507
5.9109,1.6507
5.9126,1.6507
5.9142,1.6507
5.9158,1.6406
5.9175,1.6507
5.9191,1.6507
5.9207,1.6457
5.9224,1.6507
5.9240,1.6507
5.9256,1.6457
5.9273,1.6507
5.9289,1.6507
5.9305,1.6507
5.9322,1.6457
5.9338,1.6457
5.9354,1.6507
5.9371,1.6507
5.9387,1.6457
5.9403,1.6507
5.9420,1.6507
5.9436,1.6507
5.9452,1.6457
5.9469,1.6457
5.9485,1.6507
5.9501,1.6507
5.9518,1.6507
5.9534,1.6507
5.9550,1.6507
5.9567,1.6507
5.9583,1.6457
5.9599,1.6507
5.9616,1.6457
5.9632,1.6507
5.9648,1.6507
5.9665,1.6457
5.9681,1.6507
5.9697,1.6507
5.9714,1.6457
5.9730,1.6457
5.9746,1.6507
5.9763,1.6558
5.9779,1.6457
5.9795,1.6507
5.9812,1.6457
5.9828,1.6507
5.9844,1.6507
5.9861,1.6507
5.9877,1.6457
5.9893,1.6507
5.9910,1.6507
5.9926,1.6507
5.9943,1.6507
5.9959,1.6507
5.9975,1.6507
5.9992,1.6457
6.0008,1.6507
6.0024,1.6457
6.0041,1.6507
6.0057,1.6457
6.0073,1.6507
6.0090,1.6457
6.0106,1.6457
6.0123,1.6457
6.0139,1.6457
6.0155,1.6507
6.0172,1.6507
6.0188,1.6507
6.0204,1.6507
6.0221,1.6507
6.0237,1.6507
6.0253,1.6457
6.0270,1.6406
6.0286,1.6507
6.0303,1.6457
6.0319,1.6457
6.0335,1.6507
6.0352,1.6507
6.0368,1.6507
6.0384,1.6507
6.0400,1.6457
6.0417,1.6457
6.0434,1.6507
6.0451,1.6507
6.0467,1.6457
6.0483,1.6507
6.0500,1.6507
6.0516,1.6507
6.0533,1.6507
6.0549,1.6457
6.0565,1.6457
6.0582,1.6457
6.0598,1.6507
6.0615,1.6507
6.0631,1.6507
6.0647,1.6406
6.0664,1.6457
6.0680,1.6507
6.0696,1.6507
6.0713,1.6507
6.0729,1.6507
6.0746,1.6507
6.0762,1.6457
6.0778,1.6507
6.0795,1.6457
6.0811,1.6507
6.0828,1.6507
6.0844,1.6457
6.0860,1.6507
6.0877,1.6507
6.0893,1.6507
6.0910,1.6507
6.0926,1.6507
6.0943,1.6507
6.0960,1.6507
6.0976,1.6507
6.0993,1.6507
6.1009,1.6507
6.1026,1.6507
6.1042,1.6406
6.1059,1.6507
6.1075,1.6457
6.1092,1.6507
6.1109,1.6507
6.1125,1.6507
6.1142,1.6457
6.1158,1.6507
6.1175,1.6507
6.1191,1.6457
6.1208,1.6507
6.1224,1.6457
6.1241,1.6507
6.1258,1.6507
6.1274,1.6457
6.1291,1.6507
6.1307,1.6507
6.1324,1.6507
6.1340,1.6507
6.1357,1.6507
6.1373,1.6507
6.1390,1.6507
6.1406,1.6507
6.1423,1.6457
6.1440,1.6507
6.1458,1.6558
6.1475,1.6507
6.1493,1.6507
6.1510,1.6457
6.1526,1.6507
6.1543,1.6457
6.1559,1.6457
6.1576,1.6457
6.1593,1.6507
6.1609,1.6457
6.1626,1.6507
6.1643,1.6457
6.1660,1.6507
6.1678,1.6507
6.1695,1.6507
6.1712,1.6507
6.1729,1.6507
6.1746,1.6507
6.1762,1.6507
6.1779,1.6457
6.1796,1.6507
6.1813,1.6507
6.1830,1.6507
6.1847,1.6507
6.1865,1.6507
6.1882,1.6507
6.1900,1.6457
6.1917,1.6507
6.1934,1.6507
6.1952,1.6406
6.1969,1.6457
6.1986,1.6507
6.2002,1.6457
6.2019,1.6507
6.2035,1.6457
6.2051,1.6507
6.2067,1.6507
6.2084,1.6457
6.2100,1.6457
6.2116,1.6507
6.2132,1.6507
6.2149,1.6507
6.2165,1.6507
6.2182,1.6507
6.2198,1.6457
6.2214,1.6457
6.2231,1.6457
6.2247,1.6457
6.2263,1.6457
6.2279,1.6507
6.2296,1.6457
6.2312,1.6406
6.2328,1.6457
6.2345,1.6507
6.2361,1.6507
6.2377,1.6507
6.2394,1.6457
6.2410,1.6457
6.2426,1.6507
6.2443,1.6507
6.2459,1.6558
6.2475,1.6507
6.2491,1.6457
6.2508,1.6457
6.2524,1.6507
6.2540,1.6507
6.2556,1.6507
6.2573,1.6507
6.2589,1.6457
6.2605,1.6507
6.2622,1.6507
6.2638,1.6507
6.2654,1.6507
6.2670,1.6457
6.2687,1.6507
6.2703,1.6457
6.2719,1.6457
6.2735,1.6457
6.2752,1.6457
6.2768,1.6457
6.2784,1.6507
6.2801,1.6507
6.2817,1.6507
6.2833,1.6507
6.2849,1.6507
6.2866,1.6507
6.2882,1.6507
6.2898,1.6406
6.2914,1.6507
6.2931,1.6507
6.2947,1.6507
6.2965,1.6507
6.2981,1.6507
6.2997,1.6406
6.3014,1.6507
6.3030,1.6457
6.3046,1.6457
6.3063,1.6507
6.3079,1.6507
6.3096,1.6507
6.3112,1.6507
6.3128,1.6507
6.3145,1.6507
6.3161,1.6507
6.3178,1.6457
6.3194,1.6507
6.3210,1.6507
6.3227,1.6507
6.3243,1.6507
6.3259,1.6457
6.3276,1.6507
6.3292,1.6507
6.3309,1.6507
6.3325,1.6507
6.3341,1.6457
6.3358,1.6507
6.3374,1.6507
6.3391,1.6457
6.3407,1.6457
6.3423,1.6457
6.3440,1.6507
6.3456,1.6507
6.3472,1.6457
6.3489,1.6507
6.3505,1.6507
6.3522,1.6457
6.3538,1.6507
6.3554,1.6457
6.3571,1.6507
6.3587,1.6507
6.3603,1.6507
6.3620,1.6457
6.3636,1.6507
6.3653,1.6507
6.3669,1.6507
6.3685,1.6507
6.3702,1.6507
6.3718,1.6507
6.3735,1.6507
6.3751,1.6507
6.3767,1.6457
6.3784,1.6507
6.3800,1.6507
6.3816,1.6507
6.3833,1.6457
6.3850,1.6507
6.3866,1.6507
6.3882,1.6507
6.3899,1.6507
6.3915,1.6406
6.3931,1.6507
6.3948,1.6457
6.3964,1.6457
6.3981,1.6507
6.3997,1.6507
6.4014,1.6507
6.4030,1.6457
6.4046,1.6457
6.4063,1.6507
6.4079,1.6507
6.4096,1.6406
6.4112,1.6457
6.4128,1.6406
6.4145,1.6457
6.4161,1.6457
6.4178,1.6507
6.4194,1.6507
6.4210,1.6406
6.4227,1.6457
6.4243,1.6507
6.4259,1.6457
6.4276,1.6406
6.4292,1.6457
6.4309,1.6507
6.4325,1.6507
6.4341,1.6507
6.4358,1.6507
6.4374,1.6507
6.4390,1.6507
6.4407,1.6507
6.4423,1.6457
6.4440,1.6457
6.4456,1.6457
6.4473,1.6507
6.4489,1.6507
6.4505,1.6507
6.4522,1.6507
6.4538,1.6457
6.4555,1.6507
6.4571,1.6507
6.4587,1.6507
6.4604,1.6507
6.4620,1.6507
6.4636,1.6457
6.4653,1.6507
6.4669,1.6507
6.4686,1.6507
6.4702,1.6507
6.4718,1.6507
6.4735,1.6507
6.4751,1.6457
6.4768,1.6507
6.4784,1.6457
6.4800,1.6457
6.4817,1.6457
6.4833,1.6457
6.4849,1.6507
6.4866,1.6507
6.4882,1.6457
6.4899,1.6507
6.4915,1.6507
6.4931,1.6457
6.4948,1.6507
6.4964,1.6457
6.4981,1.6507
6.4997,1.6457
6.5014,1.6457
6.5030,1.6507
6.5046,1.6457
6.5063,1.6507
6.5079,1.6507
6.5096,1.6406
6.5112,1.6457
6.5128,1.6507
6.5145,1.6457
6.5161,1.6507
6.5177,1.6507
6.5194,1.6457
6.5210,1.6507
6.5227,1.6457
6.5243,1.6507
6.5259,1.6507
6.5276,1.6457
6.5292,1.6406
6.5309,1.6406
6.5325,1.6457
6.5341,1.6507
6.5358,1.6457
6.5374,1.6457
6.5390,1.6457
6.5407,1.6507
6.5423,1.6457
6.5440,1.6457
6.5456,1.6507
6.5472,1.6507
6.5489,1.6457
6.5505,1.6457
6.5521,1.6457
6.5538,1.6457
6.5554,1.6507
6.5571,1.6507
6.5587,1.6507
6.5603,1.6507
6.5620,1.6507
6.5636,1.6457
6.5653,1.6457
6.5669,1.6507
6.5685,1.6507
6.5702,1.6507
6.5718,1.6507
6.5734,1.6507
6.5751,1.6457
6.5767,1.6507
6.5784,1.6507
6.5800,1.6507
6.5816,1.6507
6.5833,1.6457
6.5849,1.6507
6.5866,1.6507
6.5882,1.6457
6.5899,1.6507
6.5915,1.6406
6.5931,1.6457
6.5948,1.6507
6.5964,1.6457
6.5981,1.6507
6.5997,1.6457
6.6014,1.6457
6.6030,1.6507
6.6046,1.6457
6.6063,1.6507
6.6079,1.6507
6.6095,1.6457
6.6112,1.6457
6.6128,1.6507
6.6145,1.6507
6.6161,1.6507
6.6177,1.6507
6.6194,1.6507
6.6210,1.6457
6.6227,1.6457
6.6243,1.6457
6.6259,1.6507
6.6276,1.6507
6.6292,1.6457
6.6308,1.6507
6.6325,1.6507
6.6341,1.6507
6.6358,1.6457
6.6374,1.6507
6.6390,1.6507
6.6407,1.6507
6.6423,1.6457
6.6440,1.6457
6.6456,1.6507
6.6472,1.6507
6.6489,1.6507
6.6505,1.6507
6.6521,1.6507
6.6538,1.6457
6.6554,1.6507
6.6571,1.6457
6.6590,1.6507
6.6607,1.6507
6.6624,1.6457
6.6643,1.6507
6.6660,1.6507
6.6677,1.6457
6.6693,1.6507
6.6710,1.6457
6.6726,1.6406
6.6757,1.6558
6.6774,1.6507
6.6792,1.6507
6.6809,1.6457
6.6825,1.6507
6.6842,1.6507
6.6859,1.6507
6.6875,1.6507
6.6891,1.6507
6.6908,1.6507
6.6924,1.6507
6.6940,1.6507
6.6957,1.6507
6.6973,1.6507
6.6990,1.6507
6.7007,1.6507
6.7023,1.6457
6.7039,1.6507
6.7055,1.6457
6.7071,1.6507
6.7088,1.6457
6.7104,1.6457
6.7120,1.6507
6.7136,1.6507
6.7152,1.6507
6.7169,1.6507
6.7185,1.6507
6.7201,1.6507
6.7217,1.6507
6.7233,1.6457
6.7249,1.6507
6.7266,1.6457
6.7282,1.6457
6.7298,1.6507
6.7314,1.6457
6.7330,1.6507
6.7347,1.6457
6.7363,1.6507
6.7379,1.6507
6.7395,1.6457
6.7411,1.6457
6.7428,1.6507
6.7445,1.6507
6.7462,1.6507
6.7479,1.6507
6.7495,1.6507
6.7511,1.6507
6.7528,1.6457
6.7544,1.6507
6.7560,1.6507
6.7577,1.6457
6.7593,1.6507
6.7609,1.6507
6.7625,1.6457
6.7642,1.6457
6.7658,1.6507
6.7675,1.6507
6.7691,1.6507
6.7707,1.6507
6.7723,1.6406
6.7740,1.6507
6.7756,1.6457
6.7772,1.6457
6.7788,1.6457
6.7805,1.6507
6.7821,1.6507
6.7837,1.6457
6.7853,1.6507
6.7870,1.6507
6.7886,1.6457
6.7902,1.6507
6.7918,1.6507
6.7935,1.6507
6.7951,1.6457
6.7967,1.6507
6.7984,1.6457
6.8001,1.6457
6.8017,1.6558
6.8033,1.6507
6.8050,1.6457
6.8066,1.6507
6.8083,1.6507
6.8099,1.6507
6.8115,1.6507
6.8132,1.6507
6.8148,1.6507
6.8164,1.6507
6.8181,1.6507
6.8197,1.6507
6.8213,1.6457
6.8230,1.6507
6.8246,1.6507
6.8263,1.6457
6.8279,1.6457
6.8295,1.6507
6.8312,1.6507
6.8328,1.6406
6.8344,1.6406
6.8361,1.6457
6.8377,1.6507
6.8393,1.6507
6.8410,1.6507
6.8426,1.6507
6.8443,1.6507
6.8459,1.6507
6.8475,1.6507
6.8492,1.6507
6.8508,1.6406
6.8524,1.6507
6.8541,1.6507
6.8557,1.6507
6.8573,1.6457
6.8590,1.6457
6.8606,1.6507
6.8622,1.6507
6.8639,1.6507
6.8656,1.6457
6.8672,1.6507
6.8688,1.6457
6.8705,1.6507
6.8721,1.6558
6.8737,1.6507
6.8754,1.6507
6.8770,1.6507
6.8786,1.6507
6.8803,1.6507
6.8819,1.6507
6.8836,1.6457
6.8852,1.6457
6.8868,1.6507
6.8885,1.6507
6.8901,1.6457
6.8917,1.6507
6.8934,1.6507
6.8950,1.6457
6.8967,1.6406
6.8983,1.6507
6.9000,1.6507
6.9016,1.6507
6.9032,1.6507
6.9049,1.6507
6.9065,1.6507
6.9081,1.6507
6.9098,1.6457
6.9114,1.6507
6.9131,1.6507
6.9147,1.6507
6.9163,1.6507
6.9180,1.6507
6.9196,1.6457
6.9212,1.6457
6.9229,1.6457
6.9245,1.6457
6.9261,1.6507
6.9278,1.6507
6.9294,1.6507
6.9311,1.6507
6.9327,1.6507
6.9343,1.6507
6.9360,1.6507
6.9376,1.6507
6.9392,1.6457
6.9409,1.6507
6.9425,1.6507
6.9441,1.6457
6.9458,1.6507
6.9474,1.6507
6.9491,1.6457
6.9507,1.6507
6.9523,1.6507
6.9540,1.6457
6.9556,1.6507
6.9572,1.6457
6.9589,1.6507
6.9605,1.6507
6.9621,1.6507
6.9638,1.6457
6.9654,1.6457
6.9670,1.6457
6.9687,1.6507
6.9703,1.6406
6.9720,1.6507
6.9736,1.6457
6.9752,1.6457
6.9769,1.6507
6.9785,1.6457
6.9801,1.6457
6.9818,1.6457
6.9834,1.6507
6.9850,1.6457
6.9867,1.6457
6.9883,1.6507
6.9899,1.6457
6.9916,1.6457
6.9932,1.6507
6.9949,1.6457
6.9965,1.6507
6.9981,1.6507
6.9998,1.6457
7.0014,1.6507
7.0031,1.6507
7.0047,1.6507
7.0063,1.6507
7.0080,1.6507
7.0096,1.6457
7.0113,1.6507
7.0129,1.6507
7.0145,1.6457
7.0162,1.6507
7.0178,1.6507
7.0195,1.6507
7.0211,1.6507
7.0227,1.6457
7.0244,1.6457
7.0260,1.6507
7.0277,1.6507
7.0293,1.6457
7.0310,1.6507
7.0326,1.6507
7.0342,1.6457
7.0364,1.6507
7.0381,1.6558
7.0397,1.6507
7.0414,1.6457
7.0430,1.6507
7.0447,1.6507
7.0463,1.6457
7.0479,1.6457
7.0496,1.6507
7.0512,1.6507
7.0528,1.6457
7.0545,1.6507
7.0561,1.6507
7.0577,1.6457
7.0594,1.6507
7.0610,1.6507
7.0627,1.6507
7.0643,1.6457
7.0659,1.6507
7.0676,1.6507
7.0692,1.6457
7.0708,1.6507
7.0725,1.6507
7.0741,1.6507
7.0758,1.6457
7.0774,1.6457
7.0791,1.6507
7.0807,1.6457
7.0823,1.6507
7.0840,1.6507
7.0856,1.6507
7.0872,1.6558
7.0889,1.6457
7.0905,1.6457
7.0922,1.6457
7.0938,1.6507
7.0954,1.6507
7.0971,1.6457
7.0987,1.6507
7.1004,1.6507
7.1020,1.6457
7.1036,1.6507
7.1053,1.6457
7.1069,1.6457
7.1086,1.6507
7.1102,1.6507
7.1118,1.6507
7.1135,1.6507
7.1151,1.6507
7.1167,1.6457
7.1184,1.6457
7.1200,1.6507
7.1217,1.6507
7.1234,1.6457
7.1251,1.6507
7.1267,1.6558
7.1284,1.6406
7.1300,1.6457
7.1316,1.6507
7.1333,1.6457
7.1349,1.6507
7.1365,1.6457
7.1382,1.6507
7.1398,1.6457
7.1415,1.6457
7.1431,1.6457
7.1447,1.6457
7.1464,1.6457
7.1480,1.6457
7.1496,1.6507
7.1513,1.6457
7.1529,1.6558
7.1546,1.6507
7.1562,1.6507
7.1579,1.6507
7.1596,1.6507
7.1613,1.6507
7.1630,1.6507
7.1647,1.6457
7.1664,1.6507
7.1680,1.6457
7.1697,1.6507
7.1713,1.6507
7.1730,1.6507
7.1749,1.6457
7.1767,1.6507
7.1784,1.6507
7.1802,1.6507
7.1819,1.6457
7.1836,1.6507
7.1853,1.6457
7.1869,1.6507
7.1886,1.6507
7.1902,1.6507
7.1919,1.6507
7.1935,1.6507
7.1951,1.6507
7.1968,1.6457
7.1984,1.6457
7.2001,1.6507
7.2019,1.6507
7.2035,1.6507
7.2051,1.6507
7.2068,1.6457
7.2084,1.6457
7.2100,1.6507
7.2116,1.6507
7.2133,1.6457
7.2149,1.6507
7.2165,1.6507
7.2182,1.6558
7.2198,1.6507
7.2214,1.6507
7.2230,1.6507
7.2247,1.6406
7.2263,1.6507
7.2279,1.6457
7.2296,1.6406
7.2312,1.6507
7.2328,1.6507
7.2344,1.6457
7.2361,1.6507
7.2377,1.6507
7.2393,1.6507
7.2409,1.6457
7.2426,1.6457
7.2442,1.6507
7.2458,1.6507
7.2474,1.6457
7.2491,1.6457
7.2507,1.6507
7.2523,1.6507
7.2539,1.6457
7.2556,1.6457
7.2572,1.6406
7.2588,1.6507
7.2604,1.6457
7.2621,1.6507
7.2637,1.6507
7.2653,1.6507
7.2669,1.6558
7.2686,1.6507
7.2702,1.6507
7.2718,1.6507
7.2734,1.6457
7.2751,1.6507
7.2767,1.6507
7.2784,1.6457
7.2800,1.6507
7.2816,1.6457
7.2833,1.6457
7.2849,1.6507
7.2866,1.6457
7.2882,1.6507
7.2898,1.6457
7.2915,1.6507
7.2931,1.6457
7.2947,1.6507
7.2963,1.6457
7.2980,1.6457
7.2996,1.6507
7.3012,1.6507
7.3029,1.6406
7.3046,1.6457
7.3062,1.6457
7.3079,1.6507
7.3095,1.6507
7.3111,1.6457
7.3128,1.6457
7.3144,1.6507
7.3161,1.6457
7.3177,1.6406
7.3193,1.6507
7.3210,1.6457
7.3226,1.6457
7.3243,1.6457
7.3259,1.6507
7.3275,1.6507
7.3292,1.6507
7.3308,1.6507
7.3325,1.6457
7.3341,1.6507
7.3357,1.6507
7.3374,1.6457
7.3390,1.6507
7.3406,1.6457
7.3423,1.6457
7.3440,1.6507
7.3457,1.6507
7.3474,1.6507
7.3491,1.6507
7.3507,1.6457
7.3524,1.6507
7.3540,1.6507
7.3557,1.6406
7.3573,1.6507
7.3589,1.6507
7.3606,1.6507
7.3622,1.6507
7.3639,1.6507
7.3655,1.6507
7.3672,1.6457
7.3688,1.6507
7.3704,1.6507
7.3721,1.6507
7.3737,1.6457
7.3754,1.6457
7.3770,1.6507
7.3786,1.6457
7.3803,1.6457
7.3819,1.6507
7.3836,1.6457
7.3852,1.6457
7.3868,1.6507
7.3885,1.6507
7.3901,1.6507
7.3917,1.6457
7.3934,1.6507
7.3950,1.6507
7.3967,1.6457
7.3983,1.6457
7.3999,1.6457
7.4016,1.6507
7.4033,1.6507
7.4049,1.6507
7.4065,1.6507
7.4082,1.6507
7.4098,1.6457
7.4115,1.6507
7.4131,1.6507
7.4147,1.6507
7.4164,1.6406
7.4180,1.6507
7.4196,1.6457
7.4213,1.6507
7.4229,1.6457
7.4246,1.6507
7.4262,1.6507
7.4278,1.6507
7.4295,1.6507
7.4311,1.6457
7.4328,1.6507
7.4344,1.6507
7.4360,1.6507
7.4377,1.6457
7.4393,1.6507
7.4410,1.6507
7.4426,1.6507
7.4442,1.6457
7.4459,1.6457
7.4475,1.6457
7.4492,1.6507
7.4508,1.6507
7.4524,1.6457
7.4541,1.6507
7.4557,1.6507
7.4573,1.6507
7.4590,1.6457
7.4606,1.6507
7.4623,1.6507
7.4639,1.6507
7.4655,1.6507
7.4672,1.6457
7.4688,1.6507
7.4704,1.6457
7.4721,1.6507
7.4737,1.6457
7.4754,1.6457
7.4770,1.6457
7.4786,1.6457
7.4803,1.6457
7.4819,1.6457
7.4836,1.6507
7.4852,1.6507
7.4868,1.6507
7.4885,1.6507
7.4901,1.6507
7.4918,1.6457
7.4934,1.6457
7.4951,1.6507
7.4967,1.6406
7.4983,1.6507
7.5000,1.6507
7.5016,1.6457
7.5033,1.6507
7.5050,1.6507
7.5066,1.6457
7.5082,1.6507
7.5099,1.6457
7.5115,1.6457
7.5131,1.6457
7.5148,1.6507
7.5164,1.6507
7.5181,1.6457
7.5197,1.6457
7.5213,1.6507
7.5230,1.6457
7.5246,1.6457
7.5263,1.6406
7.5279,1.6507
7.5295,1.6507
7.5312,1.6507
7.5328,1.6507
7.5345,1.6457
7.5361,1.6406
7.5377,1.6457
7.5394,1.6507
7.5410,1.6457
7.5427,1.6507
7.5443,1.6457
7.5459,1.6507
7.5476,1.6457
7.5492,1.6457
7.5509,1.6507
7.5525,1.6507
7.5541,1.6507
7.5558,1.6457
7.5574,1.6507
7.5590,1.6406
7.5607,1.6507
7.5623,1.6507
7.5640,1.6457
7.5656,1.6507
7.5672,1.6457
7.5689,1.6558
7.5705,1.6457
7.5722,1.6507
7.5738,1.6507
7.5755,1.6457
7.5773,1.6507
7.5795,1.6507
7.5812,1.6507
7.5830,1.6457
7.5847,1.6507
7.5863,1.6507
7.5880,1.6507
7.5897,1.6457
7.5913,1.6457
7.5930,1.6507
7.5947,1.6507
7.5969,1.6457
7.5985,1.6507
7.6005,1.6457
7.6022,1.6507
7.6039,1.6507
7.6056,1.6507
7.6073,1.6457
7.6090,1.6507
7.6107,1.6457
7.6124,1.6507
7.6141,1.6457
7.6157,1.6457
7.6174,1.6457
7.6190,1.6507
7.6206,1.6507
7.6223,1.6457
7.6239,1.6507
7.6255,1.6457
7.6272,1.6507
7.6288,1.6507
7.6304,1.6507
7.6320,1.6457
7.6337,1.6507
7.6353,1.6406
7.6369,1.6457
7.6385,1.6507
7.6402,1.6457
7.6418,1.6457
7.6434,1.6507
7.6450,1.6457
7.6466,1.6507
7.6483,1.6457
7.6499,1.6507
7.6515,1.6457
7.6531,1.6507
7.6547,1.6507
7.6564,1.6507
7.6586,1.6558
7.6603,1.6457
7.6620,1.6457
7.6636,1.6507
7.6654,1.6457
7.6670,1.6457
7.6687,1.6457
7.6703,1.6507
7.6719,1.6507
7.6736,1.6507
7.6753,1.6507
7.6770,1.6406
7.6787,1.6457
7.6804,1.6457
7.6820,1.6457
7.6837,1.6457
7.6853,1.6507
7.6869,1.6507
7.6886,1.6507
7.6902,1.6457
7.6918,1.6457
7.6934,1.6507
7.6950,1.6507
7.6967,1.6457
7.6983,1.6507
7.6999,1.6457
7.7015,1.6507
7.7032,1.6507
7.7048,1.6457
7.7064,1.6457
7.7080,1.6507
7.7097,1.6507
7.7113,1.6507
7.7129,1.6507
7.7145,1.6457
7.7161,1.6457
7.7177,1.6507
7.7193,1.6457
7.7209,1.6507
7.7226,1.6507
7.7242,1.6457
7.7258,1.6457
7.7274,1.6457
7.7290,1.6507
7.7306,1.6457
7.7322,1.6507
7.7338,1.6457
7.7355,1.6406
7.7371,1.6507
7.7387,1.6457
7.7403,1.6507
7.7419,1.6457
7.7435,1.6507
7.7451,1.6457
7.7468,1.6457
7.7484,1.6507
7.7500,1.6457
7.7516,1.6507
7.7532,1.6507
7.7549,1.6406
7.7565,1.6457
7.7581,1.6507
7.7597,1.6457
7.7613,1.6507
7.7629,1.6457
7.7646,1.6507
7.7662,1.6457
7.7678,1.6507
7.7694,1.6457
7.7710,1.6507
7.7727,1.6507
7.7743,1.6507
7.7759,1.6507
7.7775,1.6457
7.7791,1.6507
7.7808,1.6507
7.7824,1.6507
7.7840,1.6457
7.7856,1.6457
7.7872,1.6507
7.7888,1.6457
7.7905,1.6457
7.7921,1.6457
7.7937,1.6507
7.7953,1.6457
7.7969,1.6507
7.7986,1.6507
7.8002,1.6507
7.8018,1.6507
7.8035,1.6507
7.8051,1.6507
7.8068,1.6558
7.8084,1.6507
7.8101,1.6507
7.8117,1.6457
7.8134,1.6457
7.8150,1.6507
7.8167,1.6507
7.8183,1.6457
7.8200,1.6507
7.8216,1.6457
7.8233,1.6507
7.8250,1.6457
7.8266,1.6507
7.8283,1.6558
7.8299,1.6457
7.8316,1.6507
7.8332,1.6507
7.8349,1.6507
7.8365,1.6507
7.8381,1.6457
7.8398,1.6507
7.8414,1.6507
7.8431,1.6457
7.8447,1.6457
7.8463,1.6457
7.8480,1.6457
7.8496,1.6507
7.8513,1.6507
7.8529,1.6507
7.8545,1.6457
7.8562,1.6457
7.8578,1.6507
7.8595,1.6507
7.8611,1.6457
7.8627,1.6457
7.8644,1.6507
7.8661,1.6507
7.8677,1.6507
7.8694,1.6507
7.8710,1.6507
7.8727,1.6507
7.8743,1.6507
7.8760,1.6507
7.8776,1.6457
7.8793,1.6507
7.8809,1.6507
7.8826,1.6457
7.8843,1.6406
7.8859,1.6507
7.8876,1.6457
7.8892,1.6457
7.8909,1.6457
7.8925,1.6457
7.8942,1.6507
7.8958,1.6457
7.8975,1.6507
7.8991,1.6457
7.9008,1.6507
7.9024,1.6507
7.9042,1.6507
7.9059,1.6457
7.9075,1.6457
7.9091,1.6457
7.9108,1.6558
7.9124,1.6507
7.9141,1.6507
7.9157,1.6507
7.9173,1.6507
7.9190,1.6406
7.9206,1.6457
7.9222,1.6457
7.9239,1.6507
7.9255,1.6457
7.9271,1.6507
7.9288,1.6507
7.9304,1.6507
7.9320,1.6457
7.9337,1.6457
7.9353,1.6507
7.9369,1.6507
7.9386,1.6507
7.9402,1.6457
7.9419,1.6507
7.9456,1.6507
7.9473,1.6406
7.9490,1.6457
7.9507,1.6457
7.9524,1.6507
7.9540,1.6457
7.9557,1.6507
7.9573,1.6507
7.9589,1.6507
7.9606,1.6406
7.9622,1.6457
7.9638,1.6507
7.9655,1.6507
7.9671,1.6457
7.9688,1.6507
7.9704,1.6457
7.9720,1.6507
7.9737,1.6457
7.9753,1.6507
7.9769,1.6507
7.9786,1.6507
7.9802,1.6457
7.9818,1.6507
7.9835,1.6558
7.9851,1.6507
7.9867,1.6507
7.9884,1.6507
7.9900,1.6507
7.9916,1.6507
7.9933,1.6507
7.9949,1.6457
7.9966,1.6507
7.9982,1.6507
7.9998,1.6457
8.0015,1.6507
8.0031,1.6457
8.0048,1.6457
8.0064,1.6457
8.0080,1.6507
8.0097,1.6507
8.0113,1.6507
8.0130,1.6507
8.0146,1.6457
8.0162,1.6507
8.0179,1.6507
8.0195,1.6457
8.0211,1.6457
8.0228,1.6507
8.0247,1.6406
8.0264,1.6507
8.0280,1.6457
8.0296,1.6507
8.0312,1.6558
8.0329,1.6406
8.0345,1.6406
8.0361,1.6457
8.0378,1.6507
8.0394,1.6507
8.0410,1.6507
8.0426,1.6507
8.0443,1.6507
8.0459,1.6457
8.0475,1.6507
8.0491,1.6457
8.0508,1.6406
8.0524,1.6507
8.0540,1.6507
8.0556,1.6457
8.0573,1.6406
8.0589,1.6507
8.0605,1.6507
8.0622,1.6457
8.0638,1.6507
8.0654,1.6507
8.0670,1.6507
8.0687,1.6457
8.0703,1.6457
8.0719,1.6457
8.0736,1.6406
8.0752,1.6507
8.0769,1.6507
8.0785,1.6457
8.0801,1.6507
8.0818,1.6507
8.0834,1.6507
8.0850,1.6507
8.0867,1.6507
8.0883,1.6507
8.0899,1.6507
8.0916,1.6507
8.0932,1.6457
8.0948,1.6457
8.0965,1.6507
8.0981,1.6507
8.0997,1.6507
8.1014,1.6507
8.1030,1.6457
8.1046,1.6507
8.1063,1.6406
8.1079,1.6507
8.1096,1.6457
8.1112,1.6457
8.1128,1.6507
8.1145,1.6457
8.1161,1.6507
8.1177,1.6457
8.1194,1.6507
8.1210,1.6507
8.1227,1.6457
8.1243,1.6507
8.1259,1.6406
8.1276,1.6507
8.1292,1.6457
8.1308,1.6507
8.1325,1.6507
8.1345,1.6507
8.1361,1.6507
8.1378,1.6507
8.1394,1.6457
8.1410,1.6507
8.1427,1.6507
8.1443,1.6507
8.1459,1.6406
8.1476,1.6457
8.1492,1.6457
8.1508,1.6457
8.1525,1.6507
8.1541,1.6457
8.1557,1.6507
8.1574,1.6507
8.1646,1.6558
8.1664,1.6507
8.1680,1.6507
8.1697,1.6457
8.1713,1.6457
8.1730,1.6507
8.1746,1.6507
8.1763,1.6507
8.1781,1.6457
8.1798,1.6507
8.1815,1.6457
8.1833,1.6507
8.1850,1.6406
8.1867,1.6507
8.1883,1.6457
8.1900,1.6507
8.1916,1.6507
8.1932,1.6507
8.1949,1.6457
8.1965,1.6507
8.1981,1.6457
8.1998,1.6507
8.2015,1.6507
8.2031,1.6507
8.2047,1.6507
8.2065,1.6507
8.2081,1.6558
8.2097,1.6507
8.2113,1.6507
8.2129,1.6457
8.2146,1.6507
8.2162,1.6507
8.2178,1.6507
8.2194,1.6507
8.2210,1.6507
8.2226,1.6507
8.2242,1.6507
8.2259,1.6457
8.2275,1.6457
8.2291,1.6507
8.2307,1.6507
8.2323,1.6457
8.2339,1.6457
8.2355,1.6507
8.2372,1.6507
8.2388,1.6507
8.2404,1.6507
8.2420,1.6507
8.2436,1.6457
8.2453,1.6507
8.2469,1.6457
8.2485,1.6507
8.2501,1.6507
8.2517,1.6507
8.2534,1.6507
8.2550,1.6558
8.2566,1.6457
8.2582,1.6507
8.2598,1.6507
8.2614,1.6507
8.2631,1.6507
8.2647,1.6507
8.2663,1.6507
8.2679,1.6507
8.2695,1.6507
8.2712,1.6507
8.2728,1.6507
8.2744,1.6507
8.2760,1.6457
8.2776,1.6507
8.2792,1.6457
8.2809,1.6507
8.2825,1.6507
8.2841,1.6507
8.2857,1.6507
8.2873,1.6457
8.2889,1.6507
8.2906,1.6457
8.2922,1.6507
8.2938,1.6457
8.2954,1.6457
8.2970,1.6457
8.2986,1.6457
8.3003,1.6507
8.3019,1.6457
8.3035,1.6507
8.3051,1.6507
8.3067,1.6507
8.3084,1.6457
8.3100,1.6507
8.3117,1.6457
8.3133,1.6507
8.3150,1.6507
8.3166,1.6507
8.3183,1.6507
8.3199,1.6457
8.3216,1.6507
8.3232,1.6507
8.3249,1.6457
8.3266,1.6507
8.3282,1.6507
8.3299,1.6507
8.3315,1.6558
8.3332,1.6457
8.3348,1.6457
8.3365,1.6507
8.3381,1.6507
8.3398,1.6507
8.3414,1.6457
8.3431,1.6507
8.3448,1.6507
8.3464,1.6507
8.3481,1.6507
8.3497,1.6507
8.3514,1.6457
8.3530,1.6457
8.3547,1.6457
8.3563,1.6507
8.3580,1.6507
8.3596,1.6507
8.3613,1.6457
8.3629,1.6507
8.3646,1.6507
8.3662,1.6507
8.3679,1.6507
8.3695,1.6406
8.3712,1.6507
8.3728,1.6507
8.3745,1.6507
8.3761,1.6507
8.3778,1.6507
8.3794,1.6507
8.3811,1.6507
8.3827,1.6507
8.3844,1.6507
8.3861,1.6507
8.3877,1.6507
8.3894,1.6406
8.3910,1.6507
8.3927,1.6507
8.3943,1.6457
8.3960,1.6457
8.3976,1.6507
8.3993,1.6507
8.4009,1.6507
8.4026,1.6507
8.4042,1.6457
8.4060,1.6558
8.4077,1.6507
8.4093,1.6507
8.4109,1.6457
8.4126,1.6457
8.4142,1.6406
8.4159,1.6457
8.4175,1.6457
8.4191,1.6507
8.4208,1.6507
8.4224,1.6507
8.4240,1.6507
8.4257,1.6507
8.4273,1.6507
8.4289,1.6507
8.4306,1.6457
8.4322,1.6507
8.4339,1.6507
8.4355,1.6457
8.4371,1.6507
8.4388,1.6457
8.4404,1.6457
8.4421,1.6457
8.4437,1.6457
8.4453,1.6507
8.4470,1.6507
8.4486,1.6507
8.4502,1.6457
8.4519,1.6406
8.4535,1.6507
8.4551,1.6457
8.4568,1.6457
8.4584,1.6507
8.4601,1.6507
8.4617,1.6457
8.4633,1.6507
8.4650,1.6457
8.4666,1.6507
8.4682,1.6457
8.4699,1.6507
8.4715,1.6457
8.4731,1.6507
8.4748,1.6507
8.4764,1.6457
8.4781,1.6457
8.4798,1.6457
8.4814,1.6507
8.4831,1.6457
8.4847,1.6507
8.4863,1.6406
8.4880,1.6406
8.4896,1.6457
8.4912,1.6507
8.4929,1.6457
8.4945,1.6507
8.4962,1.6457
8.4978,1.6457
8.4994,1.6457
8.5011,1.6507
8.5027,1.6507
8.5043,1.6507
8.5060,1.6507
8.5076,1.6507
8.5093,1.6507
8.5109,1.6457
8.5126,1.6507
8.5142,1.6507
8.5158,1.6507
8.5175,1.6507
8.5191,1.6507
8.5207,1.6507
8.5224,1.6507
8.5240,1.6507
8.5256,1.6457
8.5273,1.6507
8.5289,1.6457
8.5306,1.6507
8.5322,1.6457
8.5338,1.6457
8.5355,1.6457
8.5371,1.6457
8.5387,1.6507
8.5404,1.6457
8.5421,1.6507
8.5438,1.6457
8.5455,1.6507
8.5472,1.6457
8.5489,1.6507
8.5505,1.6507
8.5522,1.6457
8.5538,1.6507
8.5555,1.6457
8.5571,1.6507
8.5588,1.6457
8.5604,1.6457
8.5620,1.6507
8.5637,1.6457
8.5653,1.6507
8.5670,1.6507
8.5686,1.6457
8.5703,1.6507
8.5719,1.6457
8.5735,1.6457
8.5752,1.6507
8.5768,1.6507
8.5784,1.6457
8.5801,1.6457
8.5817,1.6507
8.5833,1.6507
8.5850,1.6457
8.5866,1.6457
8.5882,1.6457
8.5899,1.6457
8.5915,1.6507
8.5931,1.6507
8.5948,1.6457
8.5964,1.6457
8.5980,1.6507
8.5997,1.6457
8.6013,1.6457
8.6029,1.6507
8.6046,1.6507
8.6062,1.6457
8.6079,1.6406
8.6095,1.6457
8.6111,1.6457
8.6128,1.6507
8.6144,1.6507
8.6160,1.6507
8.6177,1.6457
8.6193,1.6457
8.6209,1.6457
8.6226,1.6507
8.6242,1.6507
8.6258,1.6457
8.6275,1.6507
8.6291,1.6507
8.6308,1.6507
8.6324,1.6457
8.6340,1.6507
8.6357,1.6507
8.6373,1.6457
8.6389,1.6507
8.6405,1.6457
8.6422,1.6507
8.6438,1.6507
8.6454,1.6406
8.6470,1.6457
8.6487,1.6457
8.6503,1.6457
8.6519,1.6507
8.6535,1.6457
8.6552,1.6457
8.6568,1.6457
8.6585,1.6507
8.6602,1.6457
8.6619,1.6507
8.6636,1.6507
8.6653,1.6457
8.6670,1.6457
8.6686,1.6457
8.6703,1.6457
8.6719,1.6457
8.6736,1.6457
8.6752,1.6507
8.6769,1.6457
8.6786,1.6507
8.6803,1.6457
8.6822,1.6457
8.6840,1.6457
8.6857,1.6507
8.6873,1.6507
8.6889,1.6457
8.6906,1.6457
8.6922,1.6457
8.6938,1.6457
8.6955,1.6507
8.6971,1.6457
8.6987,1.6507
8.7004,1.6507
8.7020,1.6507
8.7037,1.6457
8.7053,1.6507
8.7070,1.6507
8.7087,1.6507
8.7103,1.6457
8.7119,1.6507
8.7135,1.6507
8.7151,1.6507
8.7168,1.6457
8.7184,1.6457
8.7200,1.6457
8.7216,1.6457
8.7232,1.6457
8.7248,1.6507
8.7265,1.6457
8.7281,1.6507
8.7297,1.6457
8.7313,1.6406
8.7329,1.6507
8.7345,1.6457
8.7362,1.6457
8.7378,1.6457
8.7394,1.6507
8.7410,1.6457
8.7426,1.6457
8.7443,1.6457
8.7459,1.6507
8.7475,1.6457
8.7491,1.6507
8.7507,1.6457
8.7524,1.6457
8.7540,1.6507
8.7557,1.6507
8.7573,1.6457
8.7589,1.6507
8.7605,1.6507
8.7621,1.6507
8.7638,1.6457
8.7654,1.6457
8.7670,1.6507
8.7686,1.6507
8.7703,1.6507
8.7719,1.6507
8.7735,1.6507
8.7751,1.6507
8.7767,1.6457
8.7784,1.6507
8.7800,1.6507
8.7816,1.6507
8.7832,1.6507
8.7849,1.6457
8.7865,1.6457
8.7881,1.6507
8.7897,1.6457
8.7914,1.6558
8.7930,1.6507
8.7946,1.6457
8.7962,1.6507
8.7979,1.6507
8.7995,1.6507
8.8011,1.6507
8.8027,1.6457
8.8043,1.6507
8.8060,1.6457
8.8077,1.6507
8.8093,1.6507
8.8109,1.6457
8.8126,1.6507
8.8142,1.6507
8.8158,1.6457
8.8175,1.6457
8.8191,1.6457
8.8207,1.6507
8.8224,1.6507
8.8240,1.6457
8.8256,1.6457
8.8273,1.6507
8.8289,1.6507
8.8306,1.6507
8.8322,1.6507
8.8338,1.6507
8.8354,1.6457
8.8371,1.6457
8.8387,1.6457
8.8403,1.6507
8.8420,1.6457
8.8436,1.6507
8.8452,1.6457
8.8468,1.6457
8.8485,1.6457
8.8501,1.6457
8.8517,1.6457
8.8534,1.6507
8.8550,1.6406
8.8566,1.6457
8.8583,1.6507
8.8599,1.6457
8.8615,1.6507
8.8631,1.6507
8.8648,1.6457
8.8664,1.6406
8.8680,1.6507
8.8697,1.6507
8.8713,1.6457
8.8729,1.6507
8.8746,1.6457
8.8762,1.6507
8.8778,1.6507
8.8795,1.6507
8.8811,1.6406
8.8827,1.6457
8.8844,1.6507
8.8860,1.6457
8.8877,1.6507
8.8893,1.6457
8.8909,1.6457
8.8926,1.6507
8.8942,1.6507
8.8958,1.6507
8.8975,1.6457
8.8991,1.6457
8.9007,1.6457
8.9024,1.6507
8.9040,1.6507
8.9056,1.6507
8.9073,1.6507
8.9089,1.6457
8.9106,1.6457
8.9122,1.6406
8.9138,1.6507
8.9155,1.6457
8.9171,1.6457
8.9187,1.6507
8.9204,1.6457
8.9220,1.6558
8.9236,1.6457
8.9253,1.6507
8.9269,1.6507
8.9285,1.6457
8.9302,1.6457
8.9318,1.6507
8.9334,1.6507
8.9351,1.6507
8.9367,1.6507
8.9383,1.6507
8.9400,1.6507
8.9416,1.6507
8.9432,1.6457
8.9449,1.6457
8.9465,1.6507
8.9481,1.6507
8.9498,1.6457
8.9514,1.6507
8.9530,1.6457
8.9547,1.6507
8.9563,1.6457
8.9579,1.6457
8.9596,1.6507
8.9612,1.6457
8.9629,1.6507
8.9645,1.6507
8.9661,1.6507
8.9678,1.6507
8.9694,1.6457
8.9710,1.6558
8.9727,1.6457
8.9743,1.6507
8.9759,1.6457
8.9776,1.6507
8.9792,1.6457
8.9808,1.6457
8.9825,1.6457
8.9841,1.6457
8.9857,1.6507
8.9874,1.6406
8.9890,1.6507
8.9906,1.6507
8.9923,1.6406
8.9939,1.6507
8.9955,1.6507
8.9972,1.6507
8.9988,1.6507
9.0004,1.6457
9.0021,1.6507
9.0037,1.6406
9.0053,1.6507
9.0070,1.6507
9.0086,1.6406
9.0102,1.6507
9.0119,1.6507
9.0135,1.6507
9.0152,1.6507
9.0168,1.6507
9.0184,1.6457
9.0200,1.6457
9.0217,1.6507
9.0233,1.6457
9.0249,1.6457
9.0266,1.6457
9.0285,1.6507
9.0301,1.6507
9.0318,1.6406
9.0334,1.6507
9.0350,1.6507
9.0366,1.6507
9.0383,1.6507
9.0399,1.6507
9.0415,1.6507
9.0431,1.6457
9.0448,1.6507
9.0464,1.6457
9.0480,1.6507
9.0496,1.6457
9.0513,1.6457
9.0529,1.6507
9.0545,1.6507
9.0562,1.6507
9.0578,1.6457
9.0594,1.6457
9.0610,1.6406
9.0627,1.6507
9.0643,1.6457
9.0659,1.6507
9.0676,1.6507
9.0693,1.6507
9.0710,1.6507
9.0727,1.6457
9.0745,1.6507
9.0761,1.6507
9.0777,1.6457
9.0794,1.6457
9.0810,1.6507
9.0826,1.6406
9.0843,1.6507
9.0859,1.6457
9.0875,1.6457
9.0891,1.6457
9.0908,1.6507
9.0924,1.6507
9.0940,1.6507
9.0957,1.6457
9.0973,1.6457
9.0989,1.6507
9.1006,1.6507
9.1022,1.6507
9.1038,1.6507
9.1055,1.6457
9.1071,1.6507
9.1087,1.6457
9.1104,1.6457
9.1120,1.6507
9.1137,1.6507
9.1153,1.6406
9.1169,1.6457
9.1186,1.6507
9.1202,1.6507
9.1219,1.6507
9.1235,1.6507
9.1251,1.6457
9.1268,1.6507
9.1284,1.6457
9.1300,1.6457
9.1317,1.6507
9.1333,1.6507
9.1350,1.6507
9.1366,1.6457
9.1382,1.6457
9.1399,1.6406
9.1415,1.6507
9.1432,1.6457
9.1449,1.6457
9.1466,1.6507
9.1483,1.6507
9.1500,1.6507
9.1517,1.6507
9.1534,1.6507
9.1550,1.6406
9.1566,1.6507
9.1583,1.6457
9.1600,1.6507
9.1617,1.6507
9.1634,1.6457
9.1650,1.6507
9.1667,1.6457
9.1684,1.6507
9.1700,1.6457
9.1717,1.6507
9.1735,1.6507
9.1752,1.6457
9.1769,1.6457
9.1786,1.6507
9.1803,1.6507
9.1820,1.6507
9.1837,1.6406
9.1854,1.6507
9.1871,1.6507
9.1887,1.6507
9.1903,1.6457
9.1920,1.6457
9.1936,1.6507
9.1952,1.6457
9.1969,1.6457
9.1985,1.6507
9.2002,1.6507
9.2019,1.6457
9.2035,1.6457
9.2051,1.6457
9.2067,1.6457
9.2084,1.6507
9.2100,1.6507
9.2118,1.6507
9.2134,1.6507
9.2150,1.6457
9.2166,1.6457
9.2183,1.6507
9.2199,1.6507
9.2215,1.6457
9.2231,1.6507
9.2248,1.6457
9.2264,1.6457
9.2280,1.6457
9.2296,1.6457
9.2312,1.6457
9.2329,1.6457
9.2345,1.6457
9.2361,1.6507
9.2377,1.6406
9.2394,1.6507
9.2410,1.6507
9.2426,1.6457
9.2442,1.6457
9.2459,1.6507
9.2475,1.6507
9.2491,1.6507
9.2508,1.6507
9.2524,1.6457
9.2540,1.6507
9.2557,1.6507
9.2573,1.6507
9.2590,1.6507
9.2606,1.6406
9.2622,1.6507
9.2639,1.6507
9.2655,1.6558
9.2671,1.6507
9.2687,1.6507
9.2704,1.6507
9.2720,1.6507
9.2736,1.6507
9.2752,1.6406
9.2769,1.6457
9.2785,1.6457
9.2801,1.6457
9.2818,1.6507
9.2834,1.6507
9.2850,1.6507
9.2866,1.6507
9.2883,1.6457
9.2899,1.6507
9.2915,1.6507
9.2931,1.6457
9.2948,1.6507
9.2964,1.6457
9.2980,1.6507
9.2996,1.6406
9.3013,1.6507
9.3029,1.6457
9.3045,1.6507
9.3061,1.6507
9.3078,1.6457
9.3094,1.6507
9.3110,1.6507
9.3127,1.6406
9.3144,1.6507
9.3160,1.6457
9.3177,1.6507
9.3193,1.6507
9.3210,1.6507
9.3226,1.6507
9.3242,1.6457
9.3259,1.6457
9.3275,1.6507
9.3291,1.6457
9.3308,1.6507
9.3324,1.6457
9.3341,1.6457
9.3357,1.6457
9.3373,1.6507
9.3390,1.6457
9.3406,1.6507
9.3422,1.6507
9.3439,1.6507
9.3455,1.6507
9.3472,1.6457
9.3488,1.6507
9.3504,1.6507
9.3521,1.6457
9.3537,1.6507
9.3553,1.6507
9.3570,1.6457
9.3586,1.6507
9.3602,1.6457
9.3619,1.6457
9.3635,1.6457
9.3652,1.6406
9.3668,1.6507
9.3684,1.6457
9.3701,1.6507
9.3717,1.6457
9.3733,1.6507
9.3750,1.6457
9.3766,1.6507
9.3783,1.6507
9.3799,1.6507
9.3816,1.6406
9.3832,1.6507
9.3848,1.6507
9.3865,1.6507
9.3881,1.6406
9.3897,1.6457
9.3914,1.6507
9.3930,1.6507
9.3947,1.6507
9.3963,1.6457
9.3979,1.6507
9.3996,1.6507
9.4012,1.6457
9.4028,1.6457
9.4045,1.6507
9.4061,1.6457
9.4078,1.6507
9.4094,1.6457
9.4110,1.6457
9.4127,1.6457
9.4143,1.6507
9.4160,1.6507
9.4176,1.6457
9.4192,1.6457
9.4209,1.6457
9.4225,1.6457
9.4242,1.6457
9.4258,1.6507
9.4274,1.6457
9.4291,1.6507
9.4307,1.6457
9.4324,1.6457
9.4340,1.6507
9.4356,1.6507
9.4373,1.6457
9.4389,1.6406
9.4408,1.6507
9.4424,1.6558
9.4441,1.6507
9.4457,1.6457
9.4473,1.6507
9.4490,1.6457
9.4506,1.6507
9.4522,1.6457
9.4538,1.6507
9.4555,1.6457
9.4571,1.6457
9.4587,1.6457
9.4604,1.6457
9.4620,1.6507
9.4636,1.6507
9.4653,1.6457
9.4669,1.6457
9.4685,1.6507
9.4701,1.6457
9.4718,1.6457
9.4734,1.6457
9.4750,1.6507
9.4767,1.6457
9.4783,1.6457
9.4799,1.6507
9.4816,1.6507
9.4832,1.6457
9.4848,1.6507
9.4865,1.6507
9.4881,1.6457
9.4897,1.6507
9.4914,1.6457
9.4930,1.6457
9.4946,1.6507
9.4963,1.6457
9.4979,1.6507
9.4996,1.6457
9.5012,1.6507
9.5028,1.6457
9.5045,1.6457
9.5061,1.6457
9.5077,1.6507
9.5094,1.6507
9.5110,1.6457
9.5126,1.6457
9.5143,1.6457
9.5159,1.6507
9.5176,1.6558
9.5192,1.6457
9.5208,1.6457
9.5225,1.6507
9.5241,1.6507
9.5257,1.6507
9.5274,1.6507
9.5290,1.6507
9.5307,1.6457
9.5323,1.6507
9.5339,1.6457
9.5356,1.6406
9.5372,1.6457
9.5388,1.6507
9.5405,1.6457
9.5421,1.6457
9.5437,1.6507
9.5454,1.6507
9.5470,1.6507
9.5487,1.6457
9.5503,1.6507
9.5519,1.6507
9.5536,1.6507
9.5552,1.6507
9.5568,1.6507
9.5585,1.6457
9.5601,1.6507
9.5618,1.6457
9.5634,1.6507
9.5650,1.6457
9.5667,1.6507
9.5683,1.6457
9.5699,1.6507
9.5716,1.6507
9.5732,1.6457
9.5748,1.6457
9.5765,1.6457
9.5781,1.6457
9.5798,1.6457
9.5814,1.6457
9.5830,1.6457
9.5847,1.6507
9.5863,1.6507
9.5880,1.6457
9.5896,1.6507
9.5912,1.6507
9.5929,1.6457
9.5945,1.6457
9.5962,1.6457
9.5978,1.6507
9.5994,1.6457
9.6011,1.6457
9.6027,1.6457
9.6043,1.6507
9.6060,1.6457
9.6076,1.6457
9.6092,1.6507
9.6109,1.6457
9.6125,1.6457
9.6142,1.6457
9.6158,1.6457
9.6175,1.6457
9.6191,1.6406
9.6207,1.6507
9.6224,1.6457
9.6240,1.6457
9.6256,1.6457
9.6273,1.6457
9.6289,1.6507
9.6306,1.6507
9.6322,1.6507
9.6338,1.6457
9.6355,1.6457
9.6371,1.6457
9.6387,1.6457
9.6404,1.6457
9.6420,1.6507
9.6436,1.6457
9.6453,1.6507
9.6469,1.6507
9.6485,1.6457
9.6502,1.6507
9.6518,1.6507
9.6535,1.6507
9.6551,1.6507
9.6567,1.6457
9.6586,1.6507
9.6603,1.6457
9.6620,1.6457
9.6637,1.6507
9.6654,1.6457
9.6671,1.6457
9.6687,1.6457
9.6704,1.6507
9.6720,1.6457
9.6737,1.6507
9.6753,1.6507
9.6770,1.6457
9.6787,1.6507
9.6807,1.6457
9.6827,1.6507
9.6844,1.6507
9.6861,1.6457
9.6878,1.6507
9.6894,1.6507
9.6910,1.6507
9.6927,1.6507
9.6943,1.6457
9.6959,1.6457
9.6976,1.6457
9.6992,1.6507
9.7009,1.6457
9.7025,1.6507
9.7041,1.6457
9.7058,1.6507
9.7074,1.6507
9.7090,1.6507
9.7107,1.6507
9.7123,1.6457
9.7139,1.6406
9.7157,1.6457
9.7174,1.6507
9.7190,1.6406
9.7206,1.6457
9.7223,1.6406
9.7239,1.6457
9.7255,1.6457
9.7271,1.6457
9.7287,1.6457
9.7304,1.6507
9.7320,1.6457
9.7336,1.6406
9.7352,1.6457
9.7368,1.6457
9.7385,1.6457
9.7401,1.6457
9.7417,1.6507
9.7435,1.6507
9.7452,1.6507
9.7469,1.6507
9.7485,1.6507
9.7502,1.6507
9.7518,1.6457
9.7534,1.6507
9.7551,1.6507
9.7567,1.6507
9.7583,1.6457
9.7599,1.6457
9.7615,1.6507
9.7631,1.6457
9.7648,1.6507
9.7664,1.6507
9.7680,1.6507
9.7697,1.6507
9.7713,1.6507
9.7729,1.6507
9.7745,1.6457
9.7762,1.6507
9.7780,1.6457
9.7796,1.6507
9.7812,1.6457
9.7829,1.6457
9.7845,1.6457
9.7861,1.6507
9.7877,1.6457
9.7893,1.6507
9.7910,1.6406
9.7926,1.6507
9.7943,1.6507
9.7960,1.6507
9.7976,1.6507
9.7992,1.6457
9.8009,1.6457
9.8025,1.6457
9.8041,1.6457
9.8057,1.6507
9.8073,1.6457
9.8090,1.6507
9.8106,1.6507
9.8122,1.6457
9.8138,1.6406
9.8154,1.6507
9.8172,1.6457
9.8188,1.6457
9.8204,1.6406
9.8220,1.6507
9.8237,1.6507
9.8253,1.6406
9.8269,1.6507
9.8289,1.6507
9.8306,1.6457
9.8322,1.6457
9.8339,1.6457
9.8355,1.6507
9.8371,1.6507
9.8388,1.6457
9.8404,1.6457
9.8420,1.6507
9.8437,1.6507
9.8453,1.6507
9.8469,1.6457
9.8486,1.6457
9.8502,1.6507
9.8518,1.6457
9.8534,1.6507
9.8551,1.6406
9.8567,1.6507
9.8583,1.6457
9.8600,1.6457
9.8616,1.6457
9.8632,1.6507
9.8649,1.6507
9.8665,1.6457
9.8682,1.6457
9.8698,1.6457
9.8714,1.6457
9.8731,1.6457
9.8747,1.6457
9.8763,1.6457
9.8780,1.6507
9.8796,1.6507
9.8812,1.6507
9.8829,1.6457
9.8845,1.6457
9.8862,1.6406
9.8878,1.6507
9.8895,1.6507
9.8911,1.6406
9.8927,1.6507
9.8944,1.6507
9.8960,1.6507
9.8977,1.6507
9.8993,1.6507
9.9010,1.6507
9.9026,1.6507
9.9042,1.6457
9.9059,1.6507
9.9075,1.6507
9.9091,1.6507
9.9108,1.6457
9.9124,1.6507
9.9141,1.6457
9.9157,1.6507
9.9174,1.6507
9.9190,1.6507
9.9206,1.6457
9.9223,1.6457
9.9239,1.6457
9.9255,1.6507
9.9272,1.6457
9.9288,1.6457
9.9304,1.6457
9.9321,1.6457
9.9337,1.6507
9.9353,1.6558
9.9370,1.6457
9.9386,1.6507
9.9402,1.6457
9.9419,1.6507
9.9435,1.6507
9.9451,1.6406
9.9468,1.6457
9.9484,1.6457
9.9500,1.6457
9.9517,1.6457
9.9533,1.6457
9.9549,1.6457
9.9566,1.6507
9.9582,1.6457
9.9598,1.6507
9.9615,1.6457
9.9631,1.6507
9.9647,1.6457
9.9664,1.6457
9.9680,1.6507
9.9696,1.6507
9.9713,1.6507
9.9729,1.6406
9.9745,1.6507
9.9762,1.6507
9.9778,1.6507
9.9794,1.6457
9.9811,1.6507
9.9827,1.6507
9.9843,1.6507
9.9860,1.6507
9.9876,1.6507
9.9892,1.6457
9.9909,1.6507
9.9925,1.6457
9.9941,1.6457
9.9958,1.6457
9.9974,1.6507
9.9990,1.6507
10.0007,1.6507
